uID,forgiven,objCat,weapon,time,objTypeName,shotFrom,slID,human
754a64e5476ec6682f6d7a916dc6558b,,plane,AGM-65D,1561413700,A-10C,,4575,095195c09fea3e13398b777c30dc374e
05f8264eefe81b599d3c6d94a9758c55,,plane,S-24B (21),1554670093,F-14B,,1715,7bb170ef4d70a2416194aecaca0daf6f
4f2959306995df72a3173e68d04872b1,,plane,AIM-9M,1555190707,F-15C,,1175,e6d02d92e9f3514e1f997273a0dc03a5
71a8ded82245aee9c8c30e042e61212c,True,vehicle,AGM-122,1562455764,Hawk sr,,1920,20b8b69e0bc31c45d353b703bdd04ef1
f33bf416458e56ce0797d78245ca342f,,plane,AIM-9M,1563511889,FA-18C_hornet,,5342,0b051e519bd940c1fbd732e87430b281
650b5b86d1643ece0d193bca89dee7f7,,plane,GSh-30-1,1558185580,F-14B,,3529,0f9aa79a83c491b20027bc307ac815af
dd4526b3be6730a33e9efe26c78d1b6c,,plane,AIM-120C,1559303264,FA-18C_hornet,,2900,b2f291b7589a59202b9d175dcdd222e2
5cb6612624767548e7bfa4a92297e0aa,,plane,AIM_54A_Mk60,1555042232,FA-18C_hornet,,730,71a8ded82245aee9c8c30e042e61212c
786c8ac39d8214271366f25898a2d933,,plane,AIM-9M,1553925530,AV8BNA,,857,734b0e288c54dc0ab92e87fa193ae101
47cc239d811e007ca4d427ae6a3279d8,,plane,AIM_54C_Mk47,1554877448,F-15C,,1414,9c14cf87e1d85d7b8e067dfb3a634ec4
c5777b1645d711894dfb642d866070ab,,vehicle,AGM-65D,1560552207,M 818,,2643,7d12e5ec9e8c39b36cf915e7aa500ad2
61c09e0d8cae48764b5d7c73e21c604f,,vehicle,AGM-65D,1562456820,M48 Chaparral,,1591,
235bf245ebfafbbf753e351cc744d54e,,vehicle,Vikhr M,1558990849,Vulcan,,301,
c49ab4d753f3872f33759cd3bcf26958,,plane,AIM-9M,1559022586,FA-18C_hornet,,1749,8df48ddbdf6aa631eb905474809a265d
9b2ce189119fd8e3f3f3dcedd91a9441,,plane,AIM-120C,1555335614,F-14B,,2021,b1ba7a9134ac0b3e4d97dc6f25edebf5
3dd4705f4768f6273d590928db130216,,plane,AIM-9X,1562192952,FA-18C_hornet,,2933,0ede5622f44d85cd50a0385511f6816f
d2015e01175924f5334a0d11e33ec593,,plane,AIM-120C,1559576582,F-14B,,4156,f6b7af72738004c2f364fb800094013b
99d9add96c5381d00ebb9ed9ea9dc71c,,vehicle,GSh-30-1,1561611604,M 818,,4140,
4c777d048a7330b4145fa32bdcad9be6,,helicopter,AGM-65F,1561312730,Ka-50,,4743,28e305193b64266c2960bd399dbb1369
21a1b323f2b9dfc7271535c3f2b00fff,,plane,AIM_54C_Mk47,1554651131,FA-18C_hornet,,1662,028ee1095fa6a3a189e6e5da45e21843
ec9274f4b20da5f0d85061f027f359ec,,plane,AIM-120C,1554932344,F-15C,,1214,7086c08daa9f858c9c092a4c09e4d36e
a7139fb69c11c41ab6f551653e7cbb43,,plane,AIM-9M,1562903844,FA-18C_hornet,,4258,8160d21f984bac5b58870b27f10b490f
27b3473756726908580897053cfa0acd,,plane,AIM-120C,1558628293,FA-18C_hornet,,2792,f49cebab40e6e4ebdadeab51de59e20a
dfc91d75237a82fb371381d99c312ed0,,vehicle,M134 Minigun,1553528166,Paratrooper RPG-16,,676,
06cdf137681bc4eee4db31ab44f115ea,,plane,AIM-9M,1558481292,FA-18C_hornet,,2402,1675cf0daf515538ec0e5de16922f168
45583e204c20b9b3ed5de5bbbb0f3fb7,,plane,AIM-120C,1557552436,F-14B,,184,4b8bc7a92aff6e13ed3c0ce669d984bf
64c3879d7c95a98741555b8d865f21a4,,helicopter,AIM-120B,1559229163,Ka-50,,3998,97cbf694578a3f52457b204e7d334496
ad24827a4a13fa65f46bc3bd0c373c80,,plane,AIM-9M,1559135100,Su-25T,,3951,865e58a6993da80e9bf7df43afdeb61d
8d3138120e09ef801d561bbec7e4b4ae,True,plane,AIM-120C,1559061127,FA-18C_hornet,,3490,594606f29678af452c6616dd62abd9fa
0b2d6ebdda2778af2bdc799d68b5bed3,,plane,AIM-9M,1560993180,FA-18C_hornet,,1093,8e9574a469eacde96f72213a23ee13ba
42ea3dd7741c64f2ec8ae89895339776,,static,Mk-82 SnakeEye,1554444100,M978 HEMTT Tanker,,1542,
3fbb252f9fda4ccdbe8b8ded6d600afe,,vehicle,AGM-65F,1556426447,M978 HEMTT Tanker,,2493,
bd844e1c62b82aca808ba51996d44410,,static,AGM-65F,1557864481,HEMTT TFFT,,3324,
7b942002c4b74c504836c389df8cb350,,plane,AIM_54A_Mk60,1561523488,FA-18C_hornet,,3832,a2bfeee3374134ed26b671c3da48e393
30c104cde0425b31c5124360005fc12e,,plane,AIM_54A_Mk60,1556370280,F-14B,,362,1302bd9ac53280d66758632ef25eeacc
a857b17a2669284892edab30f388bb68,,vehicle,Kh-58U,1556278514,Patriot str,,1447,b95c3af13986513aecbde1ed8abbe73c
123fa80f05f9d16b2157b19ae981d776,,plane,AIM-9M,1555978298,F-14B,,2552,dd230cafb4d8af5f2e399eb0e247be06
0ae80d888678df2c8e46c2cc78d96878,,plane,AIM_54C_Mk47,1554257779,F-14B,,869,13643330fc6ad6e73c1106670f1f3034
267c13c10f9848cce9c84988b438c8ec,,static,AGM-65E,1559169391,M978 HEMTT Tanker,,3973,
988b0eb4d28a8db12db95b206c7f30a9,,plane,AIM_54C_Mk47,1554175110,F-15C,,412,b743299f42ff92db5cdea94c09aa0a5c
06b7d9e31037e6f12f428b885f426ce0,,plane,AIM_54A_Mk60,1557204131,FA-18C_hornet,,3000,93a9e606b0a89f94bcea45bbe79493b5
b6c793ff711a0afac16869e32eddd99d,,static,AGM-65D,1556505715,HEMTT TFFT,,2250,f114a742824a92e85901a31e11660ab2
a3e9b7eb94d086398caf89070437e3c3,,plane,M-61,1557733512,KC135MPRS,,2447,
41e672692b982eee7fdcf02db72b64a9,,plane,M-61A1,1560051076,F-14B,,3239,247fe4708b631f79a9ee1e24a2a0dfcf
71b4e559c088d979acb8a50a42cf47b3,True,plane,R-3S,1562122040,AV8BNA,,3231,92eef0495bad787af551898a855af4f6
6346f98113a38da6c9082f3aff3a469c,,plane,AIM-9L,1553309534,F-5E-3,,114,16dcfd91c80351577f6328950e1e66ee
b22f340c0a338582379ebce7d1eb1100,,plane,AIM_54A_Mk60,1554493937,F-14B,,1395,8cd7e9d4a228086969429c135c839000
d9a0c4049a6dea94d3ce3cef877eaeb8,True,plane,AGM-65D,1563664006,MiG-21Bis,,176,23891f453ac5f6b7f6deb1cc4e4c0181
a0cdbbf3bb878deab6331f1e24e1413a,,plane,AIM-9M,1558934328,Su-25T,,3595,da9135a8acb467305dd783792d84253c
0fcb383c99dfb25fe85ee4a544c31f4c,,vehicle,Vikhr M,1562078681,M1097 Avenger,,256,
6e34d1c9d97fd1e18188c6c3e1533b03,,plane,AIM-120B,1557176922,FA-18C_hornet,,3130,a4474586f59f69f08556b0a085fb6033
0172892d606b675409e69d752504dd4d,,plane,AIM-120C,1555748441,FA-18C_hornet,,2514,69f501386434c84a0c339867d17922de
f1889727530aba57f34904b7031ebfb9,,plane,AIM-7MH,1555041409,FA-18C_hornet,,770,07b9bd0e89a3385adce7cb5e0d0f85ea
a83dd704a242de5450deec9887e7c9d3,,plane,AIM-9M,1557812542,F-15C,,3408,399b3d62a71dcf11249dd2bbc1d997ff
1bce8c1d434d6031e19e80b0d5477af7,,plane,AIM_54A_Mk60,1556637237,F-14B,,2029,297a1850b9c9a2e4ab9f128571fe6327
bc99149f80966994666336abd31c060f,True,plane,AIM-9M,1554093607,FA-18C_hornet,,109,0e89cb46b072a70a30472c10ac5fba44
4ad40b55bda3206888f5e6275bf76455,,plane,AIM-120C,1561288961,FA-18C_hornet,,3908,c67f9d78a4a54cd7df1695eb013ba80a
f9274c011127e86b5857ab0e56a2c161,,plane,AIM_54A_Mk60,1555547824,FA-18C_hornet,,1794,d19279aaa3bf9f0896194e32abbd08a6
599348032fc92ddcda02f9fb9ee267e9,,plane,AIM_54A_Mk60,1555620333,FA-18C_hornet,,2057,550a2f053b026677212bf6116a233b78
606b3219538f69a2c4571c9b8e34eab3,,plane,AIM_54A_Mk47,1561275138,FA-18C_hornet,,1057,be70bed471810978c8d7a8128f018def
79d51bf3973dc1f689f863749734fcb5,True,helicopter,Vikhr M,1562904730,Ka-50,,622,d9622353d2d347f0893e96a7bc08a6ef
bf3c2870c375a02cdfd175fd2275aab2,,plane,AIM-120B,1560877292,FA-18C_hornet,,4523,cdf3bd009c4b7822a8f84412ede49a5d
bfe7da5626a103279a2b5899ad561d55,True,plane,AIM-9X,1558020730,FA-18C_hornet,,3393,78411fb7c53e9ad592ef098746f07391
cd9dc74ca03700fc0796d74414e1036b,,plane,AIM_54C_Mk47,1554493434,KC130,,1578,
fc63f93dc6060e5b8e0f95c97b47ff31,,plane,AIM-120B,1554957038,F-14B,,1903,a9595b3f5b121c87320e14f6381671ad
1e8b49d220c9391f3fd9ae2c31e98dec,,plane,AIM-9M,1559160176,FA-18C_hornet,,3917,2feae9e061d70e6099c231e284a3a8ed
f233de62aaa5b0f84a48971ab966ceb5,,plane,AIM-7M,1562615464,E-3A,,5168,
5fc0a146bc563f35a2a091a3540be2a4,,plane,AIM-9M,1559488504,FA-18C_hornet,,4120,eb7a3d59d07b244d5e8964c2c2071320
d883a92dd2608dfe0f9e8d71ceba7764,,plane,R-3R,1557078833,FA-18C_hornet,,1885,cdb7b05c9cd13c91f93d8676b1454a14
cd494e27ce4359951a6e2fb5488b556f,,plane,AIM-120C,1558298232,F-15C,,402,f3ed2f2e6713b7f03ff71861d9b45796
c4323383773f06f2a181056f2cc4154a,,plane,AKAN,1561763141,MiG-21Bis,,1082,91c1eb1116acd45e8b48ea98798718a5
85060508f0aab8ecb2ea3ef71bc7ad12,,plane,AIM-9M,1556136107,FA-18C_hornet,,2623,642f6d22c36b8086c40ea0f94218a3a1
f9236f6ba7328b7fff5c5a5ab2abe6d8,,vehicle,2A42,1553991498,Soldier M4,,227,20dd553945f11eafaacac442f186748e
192821823aa1a1500122c778ef6602f9,,plane,AIM-7M,1555461408,F-15C,,333,76da910e690db1c5041d50504e109934
dcfeac4fd5994bd5ea92e914520b90fb,,plane,AIM-9X,1561298181,F-15C,,2872,9adfa423e16eec5a8fd892682610b957
4817bde2bcc9ea22f22b2beead8f2a55,,plane,M134 Minigun,1561164639,FA-18C_hornet,,3641,e531c1a7904dbad2dc754fa6d2bb2722
5cfe1554cb498f371c268e9c388e580b,,vehicle,GAU-8,1555640551,Soldier M4,,1918,
bf8a30112797165e86daedde7e5ad6aa,True,plane,AIM-120C,1556266727,MiG-21Bis,,2725,ce9116091ad7e3e4494e054af13bfc99
1c9028e84bb5cec2db5d2e8411dd124f,,plane,AIM-7M,1558328704,FA-18C_hornet,,3604,7f0e9e44609a859103bb9bfbcdc02fb9
b635a79ae000868643fedea3e5ebf503,,plane,AIM-9X,1556913109,FA-18C_hornet,,207,e0eb525e7117c7dc2320f7a2d7f33e04
3dcc94db940c3af8bc0232b8a396d943,,static,M-61,1558538285,HEMTT TFFT,,3672,
01f93b92ed1f4c338b49ccb94c07414a,,helicopter,AGM-65D,1560535402,UH-1H,,4448,171f35202cbf84c3238b1964394090e4
6f484a13e5998ab5aa0b900da7f5a548,,plane,AIM-9M,1555018555,F-14B,,1679,305824718944822efb4daa358aefab5a
9c06d29bac249c1c7da26ac2af9ae7b6,,plane,AIM-7M,1560051096,FA-18C_hornet,,4334,fdf44020b87145f2e4d1aa330178abaf
fa43169be2f21d5712b40b91f3630796,,plane,AIM_54C_Mk47,1555662055,F-14B,,2449,798273216815f26d7661a37c43c6587f
6c31134a8dac48e9a54268b3097cf83d,,plane,AIM-120B,1558666515,F-14B,,2224,b22fd5ebb4fd6ad69d1bd3c4bfee611d
6fad2669481a92c6f64cc4d145348c65,,helicopter,AIM_54A_Mk60,1563292830,Ka-50,,1886,863f8fbe614d401f4a7de82f47a15563
ffabad0587bac9ee805a16e5b6deb36c,,plane,AIM-120C,1557814571,A-10C,,3180,fdf44020b87145f2e4d1aa330178abaf
8e9574a469eacde96f72213a23ee13ba,,plane,AIM-7MH,1559412970,AV8BNA,,278,aa21f9f4f2bff4d715a7b720b16f5d86
215badb4fd6e9cf0d04d317a676691c4,,plane,AIM-120C,1558694308,MiG-29G,,1211,c31a748c3e424e259a437cd9053fe79e
5d1aed4abfc2a11d2729a6bd911a5750,,helicopter,AIM-9X,1554014805,Ka-50,,433,c31a748c3e424e259a437cd9053fe79e
36f783e1c721acd9b93dc1eeb8d0172d,,plane,AIM-120C,1563431410,FA-18C_hornet,,1189,eaf521c57eca4361d50ccd542ec62883
df8a8b1a6fcb9da105830f50f9bb12d9,,plane,Mk-82,1559418683,AJS37,,4086,1a16dc9eb81ab85785c55e2775bfea29
8810cbcf2c746045a1ace3cce8813803,,plane,AIM-9M,1555730349,FA-18C_hornet,,2178,a88e9c0407dfd3c050ee98e53e974750
93a9e606b0a89f94bcea45bbe79493b5,,helicopter,AIM-120C,1558390689,UH-1H,,724,663c7f0b426ab209c71536fb82a5e825
b6b38d036c4392557c05f776de37cad6,,plane,AIM-120C,1560200416,FA-18C_hornet,,811,aef747542e54ff63c3d9cce3867ab43e
6b8b8bb371c8bed61154db1b5d5c1639,,plane,AIM-120C,1557005268,AV8BNA,,2327,7c84a0f048cb0c2af2d33827703a2cf1
14ad13ba0d2d1f42adb05a92a4d559b7,,plane,AIM-9M,1559444833,F-14B,,4105,dfc272ede63dc8db0c23cd9576226c44
4d547e497e407b3e81c07c1042a92a4c,,plane,AIM-120B,1557008539,F-14B,,3009,2c60257a333060226e40e0bd675a6ffc
d7441f5a86aeeee38e40bf579a138ca5,,plane,AIM-9X,1562467398,F-14B,,4352,e8fa0a62a8b34ea6dbf8d92deddc3be1
33a536705e44f9410f99c4a8e08c58ba,,vehicle,RB-75T,1561656486,M 818,,3977,
df783b8fc043cba0e79f714707f66054,,plane,AGM-65F,1559512670,FA-18C_hornet,,3764,362b18ad1312de92ad3eded82870dabd
b630be81dd7a9563dbacc0b769b5bc33,,plane,AIM_54C_Mk47,1560583097,FA-18C_hornet,,2367,1170ab90a3d8cfd550d9eaa8da56045b
91c1eb1116acd45e8b48ea98798718a5,,plane,RN-24,1561858867,AV8BNA,,3487,08fdcc39cd685cbb451094cd2006080e
4890d71e64d9dd1e3779aed0952dfb8b,,plane,AIM-9X,1561325562,C-130,,3846,
7fcbabca5c34279775582e962741fd06,,vehicle,GAU-8,1558463635,M 818,,3241,
b2b402b84946cdf73984b8a28639c90a,,vehicle,AGM-65D,1562513116,Hawk sr,,5134,
469e7ee3437caecfa3f55489f94e3072,,vehicle,GAU-8,1557482463,HEMTT TFFT,,3264,
1302bd9ac53280d66758632ef25eeacc,,plane,AIM_54A_Mk60,1557059132,F-15C,,1639,7e8c3390c67ef734cb9c8439c27b3b20
fb07f8cf89d05010348d073b9d72febc,,plane,AIM-120C,1558844444,FA-18C_hornet,,3326,14c4698bf01e6a392abfbcd893677e20
550a2f053b026677212bf6116a233b78,,plane,AIM-7MH,1554942999,F-15C,,1915,e6d02d92e9f3514e1f997273a0dc03a5
f49cebab40e6e4ebdadeab51de59e20a,,plane,AIM-120C,1558453518,AV8BNA,,1243,9b652a0ecc3e8958c62387ebf0aeccf9
d0ee279b87ecaa5f87b6ca61bd8d0366,,plane,AIM_54C_Mk47,1562293336,F-14B,,3665,c849da913d11a1098e73c62b9dff4e41
1170ab90a3d8cfd550d9eaa8da56045b,,plane,AIM_54A_Mk60,1563092053,E-3A,,1683,
a6377e3a720ef625b858df7dae49d55c,True,plane,AIM_54C_Mk47,1556914233,FA-18C_hornet,,59,b0edbd3156cda76d95e4b70fb673344a
f7725f34a14c35ff4d861ca59293947a,,plane,AIM-9M,1555042245,F-14B,,2027,5cb6612624767548e7bfa4a92297e0aa
ba42a6f58b9563a52a22499da132b607,,plane,AIM-120C,1555762461,FA-18C_hornet,,1953,794e7fa9ed827ab4e641755783800505
f799aa9de0297533c664d706338c4f3b,,plane,AIM_54A_Mk60,1554361041,FA-18C_hornet,,1201,088c64d93ed3085929e48dfbf026ce85
a4474586f59f69f08556b0a085fb6033,,helicopter,M134 Minigun,1557464699,UH-1H,,1686,cdb7b05c9cd13c91f93d8676b1454a14
746b1807c94150c8bff3267edaf71d25,,plane,AIM-9X,1559142955,E-3A,,1083,
3d84a5bbd12f057fcc2a0e4fe1967c5d,,plane,AIM_54A_Mk47,1556840989,FA-18C_hornet,,1471,cd95624a38aa9a968d873e4e076a4f40
0626794fda6fea82767db3d6881b9fa0,,plane,AIM-120C,1559617931,AJS37,,1811,f0481db65ffccd61ce2b9b343facc70e
2ea3137a5154619ad7a3cc5577a6570c,,plane,AIM-9X,1553399626,F-14B,,440,cef4f65d9989615695ac7b0cc5ae573a
ed0abdebcddbacfd25b376260b7eea96,,plane,AIM-9M,1559436520,FA-18C_hornet,,3420,d9a0c4049a6dea94d3ce3cef877eaeb8
2775270f7039f6ffebf9041f2b56e5f4,,plane,AIM_54C_Mk47,1560965730,MiG-21Bis,,4627,71b4e559c088d979acb8a50a42cf47b3
34d5be4ede6f57929c3096d8a6d6992c,,plane,AIM-9M,1562830306,FA-18C_hornet,,3143,afddbd19359562c25793f319dfbb493a
810f63ba175f128d91b6b60ffcba164a,,plane,AIM_54A_Mk60,1563424899,A-10C,,4809,b20522909a8a090a91c0251090c8c859
97de45f48c16f761f0105dd757dcb6aa,,plane,AIM-7M,1554944496,F-14B,,417,0a0e3cd0ecbe7a1342dcb02379e7a3b9
c4e84fa67dbfc9954aaacabb05218c6f,True,plane,Matra_S530D,1553646588,F-14B,,532,38276e46b9e7213c20c31e2a63b61362
3b0876371fc59055664e3c8ee17ec356,,plane,GAU-8,1558935561,FA-18C_hornet,,3700,eaf521c57eca4361d50ccd542ec62883
3acabaa6ed115b6ded243316734ff13b,,plane,AIM-9M,1556165044,FA-18C_hornet,,2718,d9bd60511c07295e18336d0aacc8e6c0
928978176763a2e1d0fd43786f9fddca,,plane,AIM-7M,1554326207,F-14B,,1446,783e17ac3f33e55da5f800bba1e8f34d
1d4acd4b7cf1514a945f1c825a09b7a2,,plane,AIM-9X,1561263629,FA-18C_hornet,,145,51712d7f52e3d5315f3fa98f85ceddd9
028ee1095fa6a3a189e6e5da45e21843,,plane,AIM_54A_Mk60,1554230525,F-14B,,1369,792a7c457daf03e3a7e68ec8003b7a67
f3ed2f2e6713b7f03ff71861d9b45796,,plane,AIM-9M,1556295115,FA-18C_hornet,,1387,cd95624a38aa9a968d873e4e076a4f40
f3385b9c357494c23c98ab954c010717,True,plane,AIM_54A_Mk60,1555488139,MiG-29G,,1579,509d305cf0b6acaad88a9dd98d3d7fa3
a89c8e74fc18621c369b8c5308f8400d,True,plane,AIM-120C,1562092108,F-14B,,2668,a2d505553d7dfafefb4e7aae03f97582
d805a90f451f6d32cb5e657072918650,,plane,Matra_S530D,1555297673,FA-18C_hornet,,1431,b2f291b7589a59202b9d175dcdd222e2
24679f3e282f728be0281bd82508139b,True,plane,AIM-9X,1559737088,A-10C,,4068,06f1a6177bd3509ebb7308fbd6e42c1d
2bb4eef71a9be9aee1f26bac14fce361,,plane,Matra_S530D,1560924473,F-15C,,4611,6ccb8c2c565f8e7bdbe8288b9d6f2732
ff335a27f2d45c2587a7dd287469af73,,plane,AIM-9M,1556673181,FA-18C_hornet,,2778,a0ead00fc694ac1eb3a5a1c00ac34305
bbf19995f3fd39fb3a7efda3063b4b66,,plane,AIM-7M,1556064302,F-5E-3,,411,c8d9a66f3ee42533334cb374ab753445
9782ab8c649d216c422e738e82bbc798,,vehicle,M-61,1555188745,Soldier M4,,48,
16868c6eebb4137aaace938d1df54f7c,,vehicle,AGM-65F,1560683563,M1097 Avenger,,2537,
c2789a03fb10c3f8519497a30f2b43ee,,plane,AIM-120C,1558808748,FA-18C_hornet,,2517,06f1a6177bd3509ebb7308fbd6e42c1d
ce859bfe40395cb8fde1b0df1d8bb3c4,,plane,M-61,1562854147,FA-18C_hornet,,4709,88d69f88fd0be36f908b4bb5f72d29e6
74c33b2cd9cd63fa7176516271170baf,,plane,AIM-9M,1562865430,M-2000C,,4089,c1b6fe1f581ec1d9af73f0f28018a890
387bbb7afbf0b30ed1f269a28a35b2bb,,helicopter,AGM-65F,1554772933,Ka-50,,686,fa344fe602bc22dd2e1c33ada4f41c33
8e9c912daf6026bfd2e6387dc1f7f8c8,,plane,AIM-120C,1559403166,AV8BNA,,3960,d167552c2c6466e4ce1ce8e156a2b5fc
8935f9afd4ad7b5cdc526fc8a2ec2b24,,vehicle,AGM-88C,1563388856,Hawk sr,,4180,
b91678d5a6e5e98536705f42c3c1002d,,plane,M-61A1,1557600357,F-14B,,3147,156d0efb3c08929ee95dc677f02244a5
f2744599886939dbf63dd337aa879450,True,plane,AIM-9M,1555220658,F-15C,,2188,f504f47fbda3a84b4fb50362f9992928
88c1637f3f1e9add7a252c45f6b78725,,helicopter,AIM-9M,1563518956,Mi-8MT,,1420,9e54f73d560799e57bc5f80c14b58e88
dfae25abb9be4dd5904b10c8618183bc,,plane,AIM-120C,1559752147,AV8BNA,,3650,e8fa0a62a8b34ea6dbf8d92deddc3be1
bfbe70129bfd76fbf1a27c4ba7dfb79a,,vehicle,AGM-88C,1553374590,Hawk sr,,12,
a9c7a33d6c4596432b2fc4848aec6f30,,static,AGM-65H,1555737383,HEMTT TFFT,,2420,4b8bc7a92aff6e13ed3c0ce669d984bf
1b21825588f02417d4e923dc241873d0,,vehicle,AGM-65D,1562540548,M 818,,4887,71b4e559c088d979acb8a50a42cf47b3
8d5c239c2075259255d5018c09c6fdba,,plane,AIM-120B,1563586861,FA-18C_hornet,,5499,9a1de4f9dd5db0366981957796172750
80981e82a3f8b8178c232ddc96d7fe40,,plane,AIM-9M,1557196239,F-5E-3,,1272,2feae9e061d70e6099c231e284a3a8ed
ea3129d5710b8848a21ee2f037f98ff6,,plane,AIM-9X,1560455864,F-14B,,814,1d919735eb968e79a81a5aec56f62331
fc069a06bfb8a43bc4715671b84841a4,,plane,AIM_54C_Mk47,1553398382,FA-18C_hornet,,50,3f823e9a135df15788dab14fb6407bce
818a09776f6403c3a39ab8791d9f5dae,,plane,AIM-9M,1561399785,FA-18C_hornet,,4767,3e6783a0435e542d625115e60c597b7b
72694b8bf6675a8c0bfa797e1cbbcb74,,vehicle,AGM-88C,1559164418,Hawk sr,,3431,
40be1ab3f332a72edc2efdc65be3f766,,vehicle,AGM-65F,1563579287,Hummer,,431,
4dc3e6ba1d6a6d8e0fed4f54239d2bf1,,plane,R-73 (AA-11 Archer),1553645917,F-15C,,851,71d9c6796a0393683df021630534996a
6e539649c137efdf2af275cd8789256a,,plane,AIM-120C,1558761808,F-14B,,2930,088c64d93ed3085929e48dfbf026ce85
10012dbb0bd82095d2e43757f036d64f,,static,Vikhr M,1558409146,M978 HEMTT Tanker,,3639,
4c76baee5cc85fe449aaff8f0fe91929,,plane,Matra_S530D,1554845298,F-15C,,1837,86a7400c6871fa13061e43b865538f0b
4579c82598408571d281f2f480b1e21d,,plane,GSh-30-1,1556295759,AJS37,,2736,8a8a168342d0b0bb77865a823768ef22
714e8c7079bc89b781b716d1db888d0e,,plane,AIM-9X,1562766276,M-2000C,,3925,609ad99cbdf458889f3c4f1ca81d0f56
6085750bc55947326f7460fcd9ce444d,,plane,AIM_54A_Mk60,1562377497,FA-18C_hornet,,1470,92dda88fdc1f16d5a2b5ad23d4260ff1
4d537d0411855f5fe6d9a9f8e3b99f03,,vehicle,AGM-65E,1555988203,M48 Chaparral,,1917,
aeb990575b18f562de6e02ee1be2a444,,plane,AIM-120C,1556952224,FA-18C_hornet,,604,ef244ff391c08e36fd3483cde0e3691d
2a75aec9da75b35adf5fb5f55f81b62d,,vehicle,AGM-122,1563139629,Hawk ln,,4273,
f021860b18eb25135b2449d6c17a0ce9,,plane,AIM-9X,1559663946,FA-18C_hornet,,3979,f6d2a324458b3428f976558169db7b25
c0c523079f5cec112746fe400fbebf40,,static,AGM-65H,1562259618,M978 HEMTT Tanker,,4915,
f3eef48078f6fad060a2b40b0d6ce0ed,,plane,AIM_54A_Mk47,1563546339,F-14B,,2394,894ef0ebf948d88f50bb58cb1e728a06
2c6d427145a859706d3c314bbdb7e7ff,,vehicle,AGM-65F,1556773167,M 818,,1192,
28b0f85353f606185219bf58cbfff8d1,,vehicle,Kh-25MPU,1563143605,Hawk ln,,3988,c69de6a693a0bbe197802a6002b1a20a
095195c09fea3e13398b777c30dc374e,,vehicle,AGM-65F,1563652552,Paratrooper RPG-16,,4595,
f0dace82dff775e1bb97a20b1b8c5fb4,,plane,AIM-9M,1561042564,MiG-21Bis,,3152,49d01d6fedc43267722fbabb9779f404
d93a7cdacf129275d6d7d5163a9c0014,,plane,AIM-9M,1560969916,FA-18C_hornet,,3548,828effad11a876a088666452039069cb
2250fcab6e87ca9ad7cb88437a7ba3fc,,plane,AIM-9M,1560474893,F-14B,,685,155af2b7e962016a5c12d3b464b80d18
77d259d536b54f019ce373a5719407fe,,plane,AIM-120C,1556745716,F-14B,,1476,a0ead00fc694ac1eb3a5a1c00ac34305
12b35388c4fe1fc68daa27a53ab1c8ea,,plane,AIM-9X,1557680903,F-15C,,911,f2744599886939dbf63dd337aa879450
41323fd777036f46741ad49b078bbddb,,vehicle,AGM-122,1557931819,Hawk sr,,3394,
d58a3555e8ba3a18af8fdb0ac02275a7,,plane,AIM-9X,1563288546,AV8BNA,,5401,1bc2863f579dba3c6fd7ea662712ec11
a009692d5f4fabe839cc3ec745c74f37,,helicopter,Mk-82,1562217843,Mi-8MT,,1623,c1111b61de32ec06892e2b58c39019c8
a62de458d4b7ce12add3768c5d7321f3,,plane,AIM-120C,1555876686,F-14B,,1647,f733db568f6afac98235a9d623c66c5f
523b5ed2fcecba6dc920b55f73d4d925,,plane,AIM_54C_Mk47,1558978547,FA-18C_hornet,,3381,7c323ef180a588a8e4ce1bc78a20d472
bd4f06b920c894e764ea5ddc52613d33,,helicopter,AIM_54A_Mk47,1563723294,Ka-50,,3233,5cd45f4da425148ae4fd04f43d1551a0
483beb5c92c71c1a84fe941fcbade837,,plane,AIM-120C,1557174858,M-2000C,,3066,b7c43dc74a18f15b28e207c221f3879c
9aabe7be566f8f5a2b6ef33496022692,,plane,AIM-9X,1563156989,A-10C,,2261,53f6e211cb9f1b92fedbc054a843ec39
5cb42ef12f5231e21db713cfeb066250,,plane,AIM-120C,1556672168,FA-18C_hornet,,2468,8f00f744438b0eef22b0634b04e62b9d
819185d6d7c1ae8b3e9e3832277b3a80,True,plane,AIM-9M,1556150948,M-2000C,,2102,cc77a14cffa49a14ec6a7e0cb71c7b57
374b0c35a6c5d1aecdf6824922e8082e,,plane,AIM-7M,1554849921,Su-25T,,108,bcaa873f1fcb1b9ec94baf04c3b656c3
2050cf5bc005cacd0f97591397a139a3,,vehicle,HYDRA-70 M151,1558135459,Soldier M4,,3488,
1f6de4bdd62058ef6110c4062a416308,True,plane,AIM-9X,1555835096,FA-18C_hornet,,1628,c8261be32d9e0f051a72ae24d032d0f0
305824718944822efb4daa358aefab5a,,plane,AIM-9M,1553566952,F-14B,,92,6ccb8c2c565f8e7bdbe8288b9d6f2732
10e422fe5f6e43eabb9650ecc27e2981,,plane,M-61,1557434429,F-15C,,992,dcede64eed276ddb38bbe05253034352
489ee285918ecd5ff68e090f0478711f,,plane,AIM-120C,1559638981,FA-18C_hornet,,2567,ba42a6f58b9563a52a22499da132b607
335212d46d63d1449d7f975f98d10c7a,,helicopter,AIM-120B,1563025609,CH-47D,,1575,b37cea49457729626540eaf3837e3cac
6aebc5e50619a582392be2459797de1b,,vehicle,AGM-122,1562441121,Hawk sr,,383,
bd14f8dec78e4ffe82bc7529e009dcf7,,plane,M-61A1,1563047613,F-15C,,2536,d767e79c9f55cd3caa3a10983c2bfc2f
3a055566adcea91bf15ffaeb7de9432f,,plane,AIM-9X,1562496550,F-14B,,3298,618eb8142f6c1f488a85b7eec90bc8da
64a4334d332ac74fc423d04156ff8544,,plane,AIM-9L,1553311341,FA-18C_hornet,,130,a3108c08a429677694ba3f3f6558913a
d3b197b242906aac63bb7ffd7595e060,,plane,AIM-9M,1559171290,FA-18C_hornet,,1959,47857149af72037da5a7f73632f0ba49
b6a962741dd1bd0f36e5e765b06a6f92,,plane,AIM_54C_Mk47,1553467478,F-14B,,311,6a2175061efbd2463ad446ae4df503aa
ee37478cb54ded4bc5a06fa486ebe881,,plane,AIM-9M,1561523567,F-14B,,4564,2800357187e1241b1ed1d563e3e6bf8a
c00fa26d09a75cc9d358d559d57e529d,,plane,Matra_S530D,1555284765,F-14B,,2122,6df6a7ba31504198106de65b13939d2a
2b4a843aefd95216311c7155c19ebc93,,vehicle,AGM-88C,1561850455,Hawk sr,,2743,
5209ae6e6cd3cac89e3c347237085156,,plane,AIM-9X,1561070176,MiG-21Bis,,347,f59df6c71759399748b1439006643cf2
0ede5622f44d85cd50a0385511f6816f,,plane,AIM-9X,1562252785,MiG-21Bis,,4966,
d155989c8e7013942c91e66505c58e33,,plane,AIM-120C,1563672325,M-2000C,,2486,fa20563791506093fc019896d3024802
5425ea35354f53083912a7501d34fd8b,,plane,AIM_54A_Mk60,1555120203,FA-18C_hornet,,164,65f3a98cb638b68ee972fd9b4e580908
23247dbf00bdc6115471cd4c180a4117,True,plane,AIM-120C,1558550415,A-10C,,3680,55ea10626da95fb22d04e6ae05168ea9
0c165dc1b490835d4950bfe8d3881808,,vehicle,S-13OF,1555611071,Paratrooper RPG-16,,30,
0263ecbebca35ec59b240381bd810bc0,,plane,AIM_54A_Mk60,1563563825,F-14B,,925,7e490edf931a5ac1af199c4d8bbbc290
13aa66e5769339e18effb4806146ed04,,plane,AGM-88C,1559573919,A-10C,,2392,e01e5f46fb6adab995faf3464e466fcc
837f1acd1132ed0a60f2a6a1f57bcc1c,,plane,AIM-7M,1557524609,F-14B,,1979,599348032fc92ddcda02f9fb9ee267e9
d8c4780394e5634d3f9d5c2a54e6d41d,,static,AGM-65G,1558664179,M978 HEMTT Tanker,,3398,
35ef0b86c355644a54639f112dd3fc51,,plane,AIM-9M,1556686871,F-14B,,1617,843feb3813584753308eb02f6b3712f6
5bd4995ce41c035fbc7ac7311be618c2,,plane,AIM-9X,1557553403,FA-18C_hornet,,3198,07a1ce4e0ec155c191a02db2212d110a
64eb6d3db5e2ce6c7c4b4b24dbfce208,,plane,AIM-9M,1560511501,MiG-29G,,4007,efd1f337ef12670da5c78cd7292279bd
e711c21cecbfb91534afa41275027291,,vehicle,M-61,1560941287,Soldier M4,,1209,
fade95df4a3e1aaf0ccd2294fe31a898,,plane,AIM-120C,1556476881,F-14B,,2015,7cc0d2ed513c47b8b6467c1e43562539
dcb0dd05130c565e7b49f8b18a2b594b,,vehicle,AGM-65D,1563141573,Soldier M4,,1988,3e6f98dca8459b22503c939729aee2ae
b22185f13bb7670277ef3a6e4444b4bb,,plane,AIM-120C,1559192854,FA-18C_hornet,,3940,c4dfc94c2b6b099104e816145491c44e
c2082e8b21523ed15ec55a2bfd5acd24,,plane,AIM_54A_Mk60,1561849284,FA-18C_hornet,,4277,446027c8dd72a62656fc1ad7aeb37cf7
3146746a308ee816b6c2dd1a61b0d586,,plane,AIM-9M,1562288117,F-14B,,3,be70bed471810978c8d7a8128f018def
ea6d880cb71941d73d9586025e516e83,True,plane,M-61A1,1554592725,FA-18C_hornet,,4,922e4db20bdd1e1a3d8f6e62fd17ffec
1e0458dc019c7885572a4e83fa2c1ee4,,helicopter,2A42,1559651449,Mi-8MT,,4198,e711c21cecbfb91534afa41275027291
ea79e0e01dce378d8dbee32cea0418b6,,plane,AIM-120B,1554209179,FA-18C_hornet,,680,7c1c91c5a0bb9e116a01e7ae7b52936a
8095788d53f2b07f2ccfa5d1c61022d2,True,plane,AIM-9M,1555716543,F-14B,,2481,aa288aca17f745ea95ebd3f4094a98e8
13643330fc6ad6e73c1106670f1f3034,,vehicle,CBU-97/CBU-105 SFW,1561347784,Soldier M4,,620,15b1c5aa6775f4b7430a374af701a7f0
831d1561eacf0efe20960cdbff25a027,,plane,AIM-9M,1557188423,FA-18C_hornet,,3168,cf4237496b751e921d5004a91597178a
2ae3e66e0c755d338a29c7b7da95c341,,plane,AIM-120B,1553915298,A-10C,,191,16dcfd91c80351577f6328950e1e66ee
a3c62ac128e5c6fe3a58b195d633d086,,plane,AIM-120C,1558378938,E-3A,,2060,
3e7454ac53c1af594f674a6ee5a275e8,,plane,AIM-9X,1560522983,KC-135,,2629,
69f88052e57a037d7eb3026d0b7724bc,,vehicle,M134 Minigun,1554146817,Soldier M4,,1313,
802970dcfb27bc10e2d4f4e659d26427,,plane,AIM-9X,1563143445,FA-18C_hornet,,3376,dcb0dd05130c565e7b49f8b18a2b594b
5b21c997d32e4ffaca9111f08bc634d8,,plane,AIM_54A_Mk60,1560611390,FA-18C_hornet,,4489,badd1d96ef5a3cf4a5b12ee0c82dd186
a59f49a6e4952caa93673149de36eaf4,,vehicle,GSH_23,1553647915,Soldier M4,,839,9afcda1b2fbf68d63dc15ac4676df590
3621e5d0cb19f608f3fb0a6a8925ead8,,plane,AIM-120C,1559387348,FA-18C_hornet,,4065,9668c89834c6025f65b374de635e047c
efb71ca1b13818d529db5fe1298aab65,,plane,AIM-9X,1561453271,FA-18C_hornet,,3243,4ad40b55bda3206888f5e6275bf76455
0fe9ef1207c70326eb67df0dab1d9fac,True,plane,AIM-120C,1553680386,MiG-21Bis,,197,bb2eebca4826af33b1170921a3675789
1a470041ff2ce86d3449543303f65b5c,,static,AGM-65F,1556383983,HEMTT TFFT,,2771,
e6a6375d2adfa392b01ff4cc9e9cccd7,True,plane,AIM-120C,1553982713,FA-18C_hornet,,977,008e80406ea443a1109acd8c0b024743
011c6f75a22d71017a6048544f488b1e,,plane,AIM_54C_Mk47,1559175780,F-14B,,1094,0b2d6ebdda2778af2bdc799d68b5bed3
d032f0c1e913cfc7f4f1f7dc939141ff,,plane,Matra_S530D,1558386269,FA-18C_hornet,,1976,a3c62ac128e5c6fe3a58b195d633d086
166e32ea6753e55fc49027821ebcdb84,,plane,AIM-120C,1562020337,F-14B,,2437,234486177e3f89666a456bc01547f38c
8148a31c177d60986262820d98325095,,plane,AIM_54C_Mk47,1557327163,FA-18C_hornet,,2052,64adc4b0264dcc55e125efb3b717556c
a700b0b952a59919e8051ac18cbf8c9c,,helicopter,Vikhr M,1559498081,Ka-50,,3123,4ad40b55bda3206888f5e6275bf76455
f27f6a66f78ae8b8eda5c121abf5ec4d,,vehicle,AGM-65G,1556718329,HEMTT TFFT,,1118,
6c5373a4d6f6f315a0c0e75e6e21bf95,,plane,AIM-9M,1553743338,FA-18C_hornet,,931,dea845c11fe6936db7fbebaee2aded28
bbcc5680bd6c706081481b75c7bb50c4,,vehicle,AGM-154C,1563246758,Paratrooper RPG-16,,4517,
475b3d489d97aa3e3dd710570679a4e5,,plane,AIM-9X,1562515572,F-5E-3,,3808,9196f9785b86e085e1d185dafa37e295
419bac90f56bcab67ac5e1203c81a421,,vehicle,AGM-65F,1558296992,Hawk pcp,,2355,5a42463b0165a3deb7f71871ca4d6c5c
e9e9783d44122453d083b191a3d32c3b,,plane,AIM-120C,1558846278,FA-18C_hornet,,96,426a43978bf547b40a096841a6078cc1
ec6e1fcf6a2d9c6ac5b4b4754151b81a,,plane,AIM-120C,1560803602,FA-18C_hornet,,1762,0a4c6569b0c65014aa6b77f9e3febfc4
2c49c416fffde3c0ba2dbc2847d94637,,plane,AIM-120C,1556388027,FA-18C_hornet,,2728,aef747542e54ff63c3d9cce3867ab43e
60f0923729fc50a6b6323a266c2e75fb,,plane,AIM-120C,1558402863,FA-18C_hornet,,3597,257c560dc2777b11b53578a31ce4d3c0
2606041d2ffc3012db2a840874f30452,,plane,AIM-9M,1558550541,M-2000C,,2582,0a2ba6792ebe644dafb8587981189f3a
f6fa42cbf6b2e65d84c3272ccc46239c,,plane,AIM-7M,1553365636,F-15C,,295,4ceb3b363e274fd289a260cc09b803b6
40ff272030cb3aef65b4083eb62c1182,,plane,AIM-9M,1558425503,F-15C,,3643,c31a748c3e424e259a437cd9053fe79e
31095ee4d17eb80410952f748f19d43b,,plane,AIM-9M,1557104962,F-14B,,1734,227e87af18da0789e5e484c5ef6fda1f
aef747542e54ff63c3d9cce3867ab43e,,plane,AIM_54C_Mk47,1557776947,F-5E-3,,374,2feae9e061d70e6099c231e284a3a8ed
8e64efc95dfa836e7d795f8fcd3ddfb2,,plane,AIM_54C_Mk47,1558142488,FA-18C_hornet,,2058,a44be114cc4d4933ebf601143520826d
fec750f199183321e44672df513b6297,,plane,AIM-120C,1559432400,A-10C,,2008,d6329515e6a293b64ee4d817171980dc
55d13325326f5eff4d453781be2614af,,plane,AIM-9X,1554253514,F-14B,,1351,5fdbc3e3933707ec8acc1521c91f8295
e92aaad84196f00cf94f16328d6b72d9,,static,S-25L,1557564995,M978 HEMTT Tanker,,3218,
698c8f04e4b315a67952a4e64a8c5839,,plane,AIM-9M,1561885667,FA-18C_hornet,,3097,64943f47b2b1e097016a0a6b494effa6
d0a6865e876657ed82a6b0c7b21b2338,,vehicle,AGM-65F,1562427284,2B11 mortar,,4082,
e60b126d1c1d55c45ea4a49658d23b3a,,helicopter,Kh-58U,1562208170,UH-1H,,3290,41d7abb2d3dcdfc9ca56117247352c7c
c2199b82b6c91fb28589552a60cf9699,True,plane,R-73 (AA-11 Archer),1554444627,A-10C,,1195,97de45f48c16f761f0105dd757dcb6aa
863169756fc6ef59eee17c28a9f77c81,,plane,AIM-120C,1561487649,F-15C,,3845,ce859bfe40395cb8fde1b0df1d8bb3c4
fa79dcb68ef8e7866fa0af7e431bf477,,plane,AIM_54C_Mk47,1558593037,FA-18C_hornet,,3411,7776b9e151107f6e517e1e78fb5e6944
f3d5267e399127332652a45cff2610c0,,plane,AIM-120C,1559323215,FA-18C_hornet,,3767,2a8bad449a439122a436666e05e0ab80
2467eacf13f1b03d0a94f70bdcf01101,,plane,MMagicII,1556318859,FA-18C_hornet,,2101,d319e06bf021960c6a38840c6c1f2307
257c560dc2777b11b53578a31ce4d3c0,,plane,AIM-9X,1562465873,FA-18C_hornet,,1276,adbb76119339e4fbb776803df9697d41
3ac37606736d109c466c00b84ca2ede6,True,vehicle,Vikhr M,1560461200,M978 HEMTT Tanker,,42,fa20563791506093fc019896d3024802
652ac0b2fcf25b56f45e1569220ad42c,,plane,AIM-9L,1559018019,F-15C,,3503,a83dd704a242de5450deec9887e7c9d3
db0a648942a51177d09e4608507eb744,,plane,AIM-9M,1558185356,F-14B,,2793,be6f0875819b54f185d2de0320896b6f
6b6257df3f891e15cea349dba1d91208,,plane,AIM-120C,1554506644,FA-18C_hornet,,1179,e74c9b5a8f92577e60cb6529acaed887
e291ba49d50b5e5ed65e5b3f4350feb5,,plane,AIM-9M,1554555769,F-14B,,1518,522c6820f0901367e6ef19868ecda2e1
0b42b4c31fa7bd4dcd13b157b351dd21,,vehicle,AGM-65E,1563139510,M1045 HMMWV TOW,,5354,
ea75c96e15969d768fc94508144cea4c,,plane,AIM-120C,1561608256,FA-18C_hornet,,4824,0e137cae513d1c8591f5b93a15f7b908
b50f0a5746ed5947a5af87efe8cbd1ed,,plane,AIM-120C,1556873994,FA-18C_hornet,,1033,1302bd9ac53280d66758632ef25eeacc
f0dce5d95e2537d8718f53db998c09c2,True,plane,Matra_S530D,1561058543,A-10C,,1067,01f93b92ed1f4c338b49ccb94c07414a
f817494ce675c11d6e9e3f1d8c1ae3ea,True,plane,AIM-9M,1559140421,FA-18C_hornet,,2593,b2a44a176d1ea74172ec8648b8190b6d
c31a748c3e424e259a437cd9053fe79e,,plane,AIM_54A_Mk60,1553334050,MiG-21Bis,,196,17a5af6dc040c8452ca32cb34cbd0452
059771fe11dfc10833891a2452d2956e,,vehicle,GAU-8,1559512233,Vulcan,,4014,1b422357bd6f1267e666563881898c4b
7739b6b9bd6b54deeb6fd0c5d9c870f7,,plane,AIM_54C_Mk47,1562191850,F-14B,,4509,2341cc00ef6827020e401b78502dc577
8f05a88a69f7a150ccf1258d01c56ecf,,plane,AIM-9M,1563592879,AV8BNA,,5166,53f6e211cb9f1b92fedbc054a843ec39
f51e11cef3533e892672d0a1f6e4df6c,,plane,M-61,1558561916,KC135MPRS,,3282,
3a07f43ced8abd24ce05775a016815f3,,plane,AIM-9X,1561124745,FA-18C_hornet,,3054,570f45e60fd722ae748081f66244c52f
9ce1bd7252838cd82f16d2da53e6c3d2,,plane,AIM-9X,1561858614,FA-18C_hornet,,1022,7092de38b401d1e03a856f75b9bb0476
57e949fd416360e1b25224bc36213984,,helicopter,AIM_54A_Mk60,1558053364,Ka-50,,1718,36cf4a2cb83b2663832d5dac7ef71f6b
d4d0c30134a11026e737bc96181edc5c,True,plane,AIM-9M,1553972030,F-14B,,336,a2d505553d7dfafefb4e7aae03f97582
29e3886a76ecc1a13fd2986191d0c69b,,vehicle,Vikhr M,1559591435,M 818,,4154,
c85e36d6c18f3164eec79706a6756a13,,plane,AIM-9X,1562627135,F-14B,,3887,b8c1667516b076bf0a61ea69dad40069
d69440f7113df06e09d0fe122f8b0a8f,,plane,AIM-9X,1557682642,F-15C,,3062,d4ea45e723dab3a32e3d91cc8e19e5cc
56b27bcf15cccfee5d64b111afc934b1,,plane,AIM_54C_Mk47,1554341528,F-14B,,1383,6346f98113a38da6c9082f3aff3a469c
1e818f947ae68f2eac3e933593a48ff6,,static,GAU-8,1562203951,M978 HEMTT Tanker,,4731,
aa927f55ae85c01a86405610c681291c,,plane,AIM-120C,1559023202,FA-18C_hornet,,3906,dd010c71948e83e4515940ae8ee46c21
a372bc9ce088ab3c0620d3c223a814a8,,plane,AIM-9P5,1563141118,F-14B,,1955,0f94365e9697e6fafa25188168890061
2feae9e061d70e6099c231e284a3a8ed,,plane,AIM-9X,1555818226,F-5E-3,,1015,fa20563791506093fc019896d3024802
6cd259c2e56026e731029cc9905443d5,,plane,AIM_54C_Mk47,1562119929,FA-18C_hornet,,4730,adbb76119339e4fbb776803df9697d41
509547cb875ebe10eb4ef2d8c7474eeb,,plane,M-61,1554936947,F-15C,,1901,c469eec783c738a8857a6f83cc57ee47
ac8c9d60e6b0b031f98f293107efaf9a,True,plane,RB-24J,1563151836,F-15C,,5367,ebc0e3da403f6c6cd5cb0092a71675b0
2e00830ba18da5e9e69a1812acffb707,,static,GAU-8,1560552420,HEMTT TFFT,,4455,
5d783e8d54841224df3d810e79173209,,plane,AIM-120B,1558665241,M-2000C,,3628,5672ff4ce5e9cc3ae82357426cfe676e
5dc399f6b665c900a2af15b3ca68ae80,,plane,AGM-65D,1560982853,F-14B,,2443,bb996cc274989b4d7593c58a97005508
89462fea3e831c617b195f2cf9ea8266,True,plane,AIM-120C,1554197354,F-14B,,710,23bffadb44e9e3669ff7880ae026ab14
b2f291b7589a59202b9d175dcdd222e2,,plane,AIM-9X,1554976588,F-14B,,1943,fb7ca94e8ca9996c953e6b32bbc5bb4b
28312684f6a6088f104b08296b2084f3,,plane,AIM_54A_Mk47,1553565703,KC130,,49,
616081dd7d6980276106f4419663b994,,plane,AIM-120C,1556986090,F-14B,,3024,c7854d7d3ecd7be05077698074777856
69d9caa923be6a6981c80346179d5aff,,vehicle,AGM-88C,1560234214,Hawk sr,,2001,
6b956b1028db55ac108fc9b48af13c55,,plane,AIM_54C_Mk47,1561348626,FA-18C_hornet,,4765,be70bed471810978c8d7a8128f018def
1bafa418368dd139b083e4576765fd95,,plane,AIM-9M,1559312206,AV8BNA,,2095,897d973f822e89d9a6f0b7ceb368ec0f
4963defb2bf502a24d27470ccf5b0932,,plane,AIM-9X,1557801720,FA-18C_hornet,,3261,40de169f64d635e5e4cfb27d44d580fc
b8e7e00f838e3b52dbe51b3aaf3b3df1,,plane,AIM_54A_Mk60,1563504706,F-14B,,5093,b37cea49457729626540eaf3837e3cac
774ee49559ab58f627d70d01e3da1e4f,True,plane,AIM-120C,1556484767,Su-25T,,2440,92df05c3e3eecf391be58f2c86f44f5e
7776b9e151107f6e517e1e78fb5e6944,,plane,AIM_54C_Mk47,1560477503,FA-18C_hornet,,147,0a4c6569b0c65014aa6b77f9e3febfc4
e2fcfa4213d1309aae73fda38bd2ed7a,True,plane,AIM-120C,1556328750,F-15C,,627,9c14cf87e1d85d7b8e067dfb3a634ec4
16b690e3738b774f24a78ce1b380433e,,vehicle,Mk-83,1557932770,Hummer,,1076,
490447052c4d7f6bcf038ef7eadb4aa1,,helicopter,M134 Minigun,1557464572,UH-1H,,593,57ce9225824f1ac4e5f8a6b6a910917d
d56a701443005af1b310381e1445ab6a,,static,HOT3,1561884034,M978 HEMTT Tanker,,204,
be6f0875819b54f185d2de0320896b6f,,plane,AIM_54A_Mk60,1559317496,M-2000C,,2589,ca3d620affa785a0fccdbed1052ae0d5
48c17793ada49e772299cad5db9a02c4,,plane,AIM_54A_Mk47,1563301104,KC135MPRS,,5298,
21eccc4e4615c17ec702ff02a142c701,,plane,AIM-7F,1557443805,E-3A,,3195,d4a61a95dcee02ffb59676a92bf3303f
67317e38724639688e3ad1a8a87f369f,,plane,AIM-120C,1556768841,E-3A,,1403,731c6f8f9fcac27470d916df6fd951b3
61aa983e333afad5a7eec5be25f21099,,helicopter,AGM-65F,1559096577,Ka-50,,2998,13643330fc6ad6e73c1106670f1f3034
07a1ce4e0ec155c191a02db2212d110a,,vehicle,AGM-88C,1557255573,Patriot str,,3103,
10ddac0772af88729395fe621b8ef8f7,,plane,AIM_54A_Mk60,1563213587,FA-18C_hornet,,5294,f0a9950d6617cafd05cf6a3b202b7a74
babbc8d66c6699d53ebf0c4aee8ad58f,,plane,AIM-9X,1561875872,F-14B,,1923,94b2bdbceebff711dd9efce7d0758863
2cd0b7d3d43e17f50c3827dc04d7748a,,plane,AIM-7M,1555158049,F-14B,,2131,b446c9d9edc343bf7ca245c38d87bf76
1ddd03998bf6051d1271c8245454fc7e,,helicopter,AIM-9M,1559409345,Ka-50,,4030,7d12e5ec9e8c39b36cf915e7aa500ad2
8b3aa6661854b417c69946cbd9ca48c4,,plane,AIM-9X,1560567064,FA-18C_hornet,,3371,44e64de9297de267e161aa6d816a97b4
d3a29b793010c67217eecb6a209f6547,,plane,AIM-9M,1562363850,F-14B,,3571,cd5da238189a1f7c89bd2d6b6e7f22ff
707bc1173dcad7e58b3bf50d388bf5d4,True,plane,AIM-120C,1558489263,F-14B,,2847,9b32af263e6871276f3b264f9b5e7e2a
6f06d9f0757fa860328465aa59b4a03a,,vehicle,M-61,1562245582,HEMTT TFFT,,4938,
0e89cb46b072a70a30472c10ac5fba44,,helicopter,AGM-65F,1557192768,Ka-50,,613,c849da913d11a1098e73c62b9dff4e41
bb2eebca4826af33b1170921a3675789,,plane,GSh-2-30,1553328253,FA-18C_hornet,,166,0fe9ef1207c70326eb67df0dab1d9fac
f21553e5193ff458f81c822d624ca650,,vehicle,BK90 MJ1,1558656900,M48 Chaparral,,3215,c849da913d11a1098e73c62b9dff4e41
bef596a3d1aa9b701c044a4de4092dc2,,plane,AIM-120C,1563117436,FA-18C_hornet,,4292,7fe275d00579abdd374604e30350ec27
1ec755369d1554aca6b1181c30849295,,plane,AIM-7M,1561753283,F-14B,,1528,2294dfb415b02fa8514556fc6b5901d3
522c6820f0901367e6ef19868ecda2e1,True,plane,AIM-9M,1557346711,FA-18C_hornet,,331,215badb4fd6e9cf0d04d317a676691c4
e1c695ac50a4ca631fa0dcd9ddf65ed5,,plane,AIM-9M,1554014122,F-14B,,648,66868d77cb1b4fefcc5d826383bfc4e1
30cf5b82ce5bbc3e9e4a528473ae05c5,,plane,AIM-120C,1556434842,F-15C,,2215,d9a0c4049a6dea94d3ce3cef877eaeb8
865e58a6993da80e9bf7df43afdeb61d,,plane,AIM-9X,1560839937,F-14B,,3265,c182c870ace58599d1711dcef5282108
8bf534d59d422603ea29d55da7670217,,plane,AIM-9X,1556291074,FA-18C_hornet,,2422,cd95624a38aa9a968d873e4e076a4f40
6aa55922907334ca96738be27cda291c,,vehicle,Kh-25MPU,1556453434,Hawk ln,,1830,
692171a2b43417b0316fbb34e4ccf1e0,,plane,AIM_54A_Mk60,1561850932,M-2000C,,454,77c1b1d2795640174c3942f23055fb45
454bfdedd83f8c69023d559247ef6b63,,plane,AIM_54C_Mk47,1553412015,F-14B,,6,9782ab8c649d216c422e738e82bbc798
e1a774e0c0096602a194993d5a1c7297,,plane,AIM-9X,1553559236,FA-18C_hornet,,732,d19279aaa3bf9f0896194e32abbd08a6
8c8953925d4843e364f814055d508562,,plane,AIM-9M,1563120556,FA-18C_hornet,,5331,4a4596ec32413855f0e61944dbcfe8ef
9c933eb92ad544304ae56affa0414b21,,vehicle,AGM-65F,1561754328,HEMTT TFFT,,2952,
722cf1692ccaba3c130c29609cbcb823,,plane,AIM-120C,1560464206,FA-18C_hornet,,4439,17cff4ea09a129c8a0ec5f6b2b76a99f
eb2ea7d7174f0b504bf38e5a21fd3269,,plane,AIM-120C,1559542487,Su-25T,,154,71b4e559c088d979acb8a50a42cf47b3
cae714048d4e6a91ab305fab4327da8c,,plane,AIM-9M,1553775157,FA-18C_hornet,,308,7fe275d00579abdd374604e30350ec27
a5f551c1fa5ddfc1e97461fab67370fa,,plane,AIM_54C_Mk47,1553821975,F-14B,,999,aef747542e54ff63c3d9cce3867ab43e
f6c30c1175813e851794c774f73e29ff,,plane,AIM_54C_Mk47,1555027487,F-14B,,1910,6fad2669481a92c6f64cc4d145348c65
b5075fc823300bb3234da46a5a96c079,,plane,AIM-9L,1554479289,F-14B,,1561,aa6dad493c94224f89c5929419500d03
36b26ca011dba31211f6e3de7eb97714,True,plane,AIM_54C_Mk47,1557255602,FA-18C_hornet,,1798,36db7b957e948bc8c4b2d1aa805ad71e
aa6dad493c94224f89c5929419500d03,,plane,AIM-9X,1553373446,FA-18C_hornet,,327,9782ab8c649d216c422e738e82bbc798
ed6a90f8a5ed278ae649efbceb2badf1,,plane,AIM-9X,1555542540,FA-18C_hornet,,1891,995cff3dede567a3f0e3bc0ca644122f
126c088d83c34a8e75a713e2f2faf480,,plane,AIM_54A_Mk60,1558251660,AV8BNA,,3481,6536ff2f5ee7cd3d803974df564448e0
e6612ed33bee8f88c3e21ff159ac19b2,,plane,AIM-9M,1553947419,FA-18C_hornet,,949,
7730b60b28b76dc45de3faa1a9d4f752,,plane,AIM_54A_Mk47,1561477124,FA-18C_hornet,,4736,de8f39183b2987c8048674022747829f
a666b77f45706dedadb9217a66c60e5b,,plane,AIM_54C_Mk47,1556906836,MiG-29G,,2124,c31a748c3e424e259a437cd9053fe79e
92cb477b62b3aaaa87d0454a2fe12eaa,,helicopter,AIM-7M,1556459434,Ka-50,,2723,9660b9f76f74952502c9b4ffc70dd0b0
887c6f10a7b179362bea02ab2ee4d00c,,vehicle,GBU-12,1562637064,Paratrooper RPG-16,,5175,
b2d1b1abec07acc3862607779e072d65,,helicopter,HYDRA-70 MK5,1563611586,UH-1H,,2828,e2a3428b6a1740c6b46cacac42a1b0ec
0fd758f563819dd51e7eb17aeea2efb8,,plane,AIM-9M,1555666243,E-3A,,2317,
c5f603e4a143bf5c09c3dff60e63026a,,plane,MMagicII,1559355736,F-14B,,3591,0d9b097b2cc1e55c31a0f96b4ce6c16c
25194d83182faad8d34560f929845e4a,,plane,Matra_S530D,1561039729,Su-25T,,4585,7043b5f7de672a1d3d6743a550829799
b09d9177f1b8d513082dab0f6b124e54,,vehicle,Mk-82,1563057556,Vulcan,,5161,
3acb956b5885919cc310024ad74e7a3f,,plane,AIM-120C,1556925419,FA-18C_hornet,,2894,47f2b2036e8192bd0edb03333bac00a8
7883d52bc952f56eed1cb43b141bfd6b,,plane,AIM-120B,1561289451,FA-18C_hornet,,4494,e6a6375d2adfa392b01ff4cc9e9cccd7
594606f29678af452c6616dd62abd9fa,True,plane,AIM_54C_Mk47,1557252132,FA-18C_hornet,,2011,5cb42ef12f5231e21db713cfeb066250
ae1121b7c4749562501b678802e312ea,,plane,AIM-7MH,1560971833,FA-18C_hornet,,296,828effad11a876a088666452039069cb
89aa60c5ad0adb604114676a019ecf28,,vehicle,AGM-88C,1562456671,Hawk pcp,,1454,
331203521e812daefd812a8e087d3f88,,plane,AIM_54C_Mk47,1554342912,F-14B,,826,a59f49a6e4952caa93673149de36eaf4
b6ed4e8c5f07e36532db169877e20c7d,,vehicle,AGM-65D,1562297793,M1097 Avenger,,4877,
b158b54ad14ea385954ad221f920a7c4,,vehicle,AGM-65H,1553950109,Hummer,,957,
eef4e6515301178f2ce0f6d0ed346641,,plane,AIM-9M,1555387151,Su-27,,1783,d9b1b45488d35c75587c6add5a2556c4
f70e71f1fec28064718d83e6d12bf3fc,,vehicle,GSh-2-30,1558810248,M 818,,3460,
a86a1f20096cce7f40e90096b7287e56,,plane,AIM-120C,1558599641,FA-18C_hornet,,3141,338dd877d1be033565c8a5be3678e419
b3e4da199725e2c854acc70945a8b364,,plane,AIM_54A_Mk47,1561338427,FA-18C_hornet,,4719,cc4972d6d3e229091a5399806b3ffde2
fe8ac45b14d072927e7e45efd85026c8,True,plane,AIM_54A_Mk60,1557943541,F-14B,,1879,0c165dc1b490835d4950bfe8d3881808
1c28d2036a7a279fc7d6c9da9f302788,,plane,GBU-12,1555689061,A-10C,,966,e0854348397452792d941479f9c371bb
617155350ef5e3ee0811382cdb35d9d1,,plane,M-61,1559521270,FA-18C_hornet,,4135,fec750f199183321e44672df513b6297
65f3a98cb638b68ee972fd9b4e580908,,plane,Zuni-127,1554443205,A-10C,,951,1a185310f80904490761999836f5181c
57c75549549a256464978b7a7deba4c8,True,plane,Matra_S530D,1556228859,FA-18C_hornet,,1949,a857b17a2669284892edab30f388bb68
453cbb186e4f23fe6b59be2dec27033d,,plane,AIM_54A_Mk60,1562591927,FA-18C_hornet,,400,387bbb7afbf0b30ed1f269a28a35b2bb
b56f554a60b9372271137b4b60478e35,,plane,AIM-120B,1561608234,MiG-29G,,4257,99d9add96c5381d00ebb9ed9ea9dc71c
e09cce4daeb6de1fb28b19e6815b087f,,static,M-61,1558480954,HEMTT TFFT,,1278,477c610123e00a896b9846a9fe574636
2346549559a427c8144e315cd7c28f9f,,plane,AIM-9X,1563562040,F-14B,,24,7e490edf931a5ac1af199c4d8bbbc290
494075fe171836ad7c8c486b671561b6,,plane,AIM_54A_Mk60,1558220694,F-14B,,1987,3d615db12dccf8d89f82a8ef590c42e3
e74c9b5a8f92577e60cb6529acaed887,,plane,AIM-120B,1554859456,F-14B,,528,19b15e5b24ff4ab463c7b0434c43fcd0
af097f3f7181f189d431ccb7fc43bb9a,,plane,AIM-9X,1555019023,FA-18C_hornet,,1922,ed6a90f8a5ed278ae649efbceb2badf1
19554a322650c0ec484a4a50da006f23,,plane,AIM_54C_Mk47,1558349486,FA-18C_hornet,,2457,eb2ea7d7174f0b504bf38e5a21fd3269
baabc077dd4ed5f52684a73282b2164a,,plane,AIM-9L,1554263293,FA-18C_hornet,,555,47f2b2036e8192bd0edb03333bac00a8
7d528539c0a9da631627b90ede8cd36b,,plane,AIM_54C_Mk47,1556693805,FA-18C_hornet,,2832,b6c793ff711a0afac16869e32eddd99d
c1731fa0d3a5923156b198f06ae86d04,,plane,AIM_54A_Mk60,1558338245,FA-18C_hornet,,3563,d155989c8e7013942c91e66505c58e33
5533f768d8f2dcf52bac74db62400576,,plane,AIM_54A_Mk60,1556465408,FA-18C_hornet,,2030,8c48d3128a09f84847ce3cee09aa0bc9
088c64d93ed3085929e48dfbf026ce85,,plane,AIM_54A_Mk60,1553583662,FA-18C_hornet,,655,17a98568047cd328b06ed1f39714941e
77c1b1d2795640174c3942f23055fb45,,vehicle,GBU-12,1560725234,M6 Linebacker,,699,84317b31786d5e2a62dbf93718b1cd8c
f9c7bca2ce06fce206eda66aab2b8ead,True,helicopter,AIM-120C,1559516107,Ka-50,,3950,17ff73e219a309d8ad15fa515e9c869c
3ee72cc93873a8a67ab693092e4d8f81,True,plane,AIM_54C_Mk47,1563192270,KC135MPRS,,2529,3146746a308ee816b6c2dd1a61b0d586
0b986f6f30132c21df5f36817418ae8c,,plane,AIM-9X,1561945101,FA-18C_hornet,,4820,746b1807c94150c8bff3267edaf71d25
dd230cafb4d8af5f2e399eb0e247be06,,plane,AIM_54A_Mk60,1557432793,M-2000C,,854,79bb4e041ccff359d6b33ad97ee0e6aa
dd137fcd9d604873edca209e05ba44ca,,plane,AIM-9M,1560160523,F-5E-3,,2109,b2a44a176d1ea74172ec8648b8190b6d
fd412d4fa3a50dc153fcf48dd9e2f3f8,,plane,AIM-9X,1558052328,AV8BNA,,3060,e8fa0a62a8b34ea6dbf8d92deddc3be1
7ac091c4be078d78298598152cc33717,,plane,AIM-120C,1560176546,AJS37,,4361,c35641dddb2f5b49a12051dd1e7e0dcb
cef4f65d9989615695ac7b0cc5ae573a,True,helicopter,KORD-12.7,1556341436,Mi-8MT,,439,6e763dde327522bf72f69f14e8cf882d
4d912d808c6f1b2018f5b9a660fc9f49,,vehicle,GAU_12,1563480941,Vulcan,,5465,
e15193c4445d7c1b5426fc667268502f,,plane,AIM-9M,1561039957,KC-135,,3006,88d69f88fd0be36f908b4bb5f72d29e6
11df1fd98aa8314a47e3604d2197c039,,plane,M-61,1562452688,Su-25T,,5119,2158b6cab44eafb96deb3e3167dcc1cd
e7525d7dd92df22e915452e2755d4b4d,,plane,AIM-120B,1561926353,F-14B,,4693,914a7eff4dc14099ef12e8e5776e2d9c
4abc7d52eb7c5491c45c816f7330549f,,plane,AIM-120C,1563149920,FA-18C_hornet,,5362,2b4a843aefd95216311c7155c19ebc93
1cd4d8b6fd8ec866c5c1bcd1df01e613,,static,AGM-65G,1553767163,M978 HEMTT Tanker,,208,
92dda88fdc1f16d5a2b5ad23d4260ff1,,plane,AIM-9M,1562360089,FA-18C_hornet,,4821,beb36d363d9c7682a14f1a82837cf883
358f0db2012b2b5b852ba8763d485675,,helicopter,AGM-65F,1557255550,Mi-8MT,,3129,9afcda1b2fbf68d63dc15ac4676df590
a3701b1a25600ba47741b541981f4234,,plane,AIM-9X,1554953631,Su-25T,,1491,36ffd55eec633002eb8e922ceef7a4a3
07b42b5c41eec591498dd37497d4682b,,vehicle,AGM-88C,1555183530,Hawk ln,,832,
87f407c9b63ea6b0cf5374b92dd0f2ad,,plane,AIM-9X,1560322349,FA-18C_hornet,,947,f114a742824a92e85901a31e11660ab2
b7eb3d7547354d529935d3e575abc706,,plane,AIM_54C_Mk47,1554186159,F-14B,,1371,028ee1095fa6a3a189e6e5da45e21843
ba94820ec2e18d8bb8a14e7c81885b65,,vehicle,AGM-65F,1561294677,M1097 Avenger,,3053,
0cf52cb58d83df64776ab6ace4bb409c,,plane,AIM-120C,1562384297,FA-18C_hornet,,1296,92dda88fdc1f16d5a2b5ad23d4260ff1
f4870a01459d172d018b0672228a43d4,,plane,AIM-120C,1557331209,F-14B,,2902,871d173618aa5dec122be7a0caab1b48
842b85d44c03b2ab7411ca5c4518d10f,,helicopter,AIM_54A_Mk60,1554048684,Ka-50,,697,a2d505553d7dfafefb4e7aae03f97582
914a7eff4dc14099ef12e8e5776e2d9c,,vehicle,GAU-8,1558173876,M978 HEMTT Tanker,,2068,
afb1f1b1442b2965ed72ee64221c5a12,,plane,AIM-120C,1558320498,F-15C,,576,1c80fd4880a88a77ede77a863c6e8128
c9e6daad61e785bb5d0fb083f25d4536,,plane,AIM-9X,1559751900,F-14B,,3178,606b3219538f69a2c4571c9b8e34eab3
a897a0c837c8ead85fea0802c24ebd3f,,plane,AIM-9X,1555374045,FA-18C_hornet,,1908,746b1807c94150c8bff3267edaf71d25
b60a9f441573ac4d9c695414188c1752,True,plane,AIM-9X,1556732307,FA-18C_hornet,,1053,c1f3f37747b292e35047f9548495bba0
1579043e1ea6cdc0a96e50a766b26c81,,plane,AIM-9X,1557822459,FA-18C_hornet,,3359,509d305cf0b6acaad88a9dd98d3d7fa3
c8261be32d9e0f051a72ae24d032d0f0,True,plane,AIM-9X,1555832139,AV8BNA,,186,bcc9f65b0e2ea7be84b693a9b85e66ee
e60183fbb1ee7d2ec26c4c29b0e6a7fd,,plane,R-73 (AA-11 Archer),1557151599,FA-18C_hornet,,205,b2f291b7589a59202b9d175dcdd222e2
7695c98ec481ce38dc1728d469dbd5ba,,plane,AIM_54C_Mk47,1557425018,MiG-21Bis,,3246,c31a748c3e424e259a437cd9053fe79e
d719f7dafeb55e2bd55ecdf8876aae24,,plane,AIM_54C_Mk47,1556272125,F-14B,,1968,f23ea24ec415f3a98a63f3f7ceb16c2c
e531c1a7904dbad2dc754fa6d2bb2722,,helicopter,AIM_54C_Mk47,1559172836,Ka-50,,2036,cc77a14cffa49a14ec6a7e0cb71c7b57
7557108269bf2da1485c4be11477143f,,plane,AIM-9M,1561521990,FA-18C_hornet,,4050,f334e4000e8f95948f4c021b2ff20d18
c478f80de7697d41ae256906daa0cbbc,,plane,AIM-120C,1561432088,FA-18C_hornet,,4542,e5ce1cbb3b2615e6b4506416d6a7b91e
2b33ce1f9fdc30b3c35eb3862f5727b3,,plane,AIM-120C,1562133442,A-10C,,5025,ff5f3af3df1234df798338d2a17af0d4
5c5dcb6c9cd57bf311a035b1e0535900,,plane,M-61,1561748729,F-15C,,33,d20ea5598c19db7c95df2b3be05d2e75
0a4c6569b0c65014aa6b77f9e3febfc4,,plane,AIM-9X,1561586394,FA-18C_hornet,,4446,7abe8d8182b4547b4407f7c277e90cdd
29cce90fdaca08017d444786fd98ca93,,plane,AIM-9X,1561849889,M-2000C,,3320,fa20563791506093fc019896d3024802
e6f0dd6f146e5c6b691dc619641901dd,,plane,AIM-9M,1554870766,FA-18C_hornet,,1849,47cc239d811e007ca4d427ae6a3279d8
088b399dec4fca7d0f0b613bf0c9232b,,vehicle,GIAT_M621G,1561600419,M 818,,4108,
b2af92b82eb508e14f919a607d5b5d83,,plane,AIM-9X,1562937770,FA-18C_hornet,,5286,2fde1de537d8bb9a37e4b0aa6cf1a037
97987de25d0c855c780f3d1939ab7e3d,True,vehicle,AGM-88C,1562106299,Hawk sr,,2644,1f340d2d014ad4d0e4db6c9091e16793
f114a742824a92e85901a31e11660ab2,,vehicle,Vikhr M,1553703043,Gepard,,656,527ee36b0f19b04ef155dcb1df57e6df
b2a44a176d1ea74172ec8648b8190b6d,,plane,AIM-120C,1558169478,FA-18C_hornet,,1974,92df05c3e3eecf391be58f2c86f44f5e
dc8d1f28ad660346c1589c31191a4978,,plane,AIM_54C_Mk47,1563400788,F-14B,,906,b4a7e5d09024b9afc6a7a8c584e71bbe
3006675b245e1672611ad22c33df0193,,vehicle,GAU-8,1555686735,M 818,,2458,
2f26aba83ef83f934b38a8d305c391c2,,plane,Matra_S530D,1557636613,FA-18C_hornet,,1925,594606f29678af452c6616dd62abd9fa
10a39625695ce21186f85a0f8809bf8f,,helicopter,MMagicII,1556726900,SA342Mistral,,536,36ea1a933a4403a86d25b0c5416c8254
7b366a18e9d8714853e891961eed2c01,True,plane,AIM_54C_Mk47,1562338573,AV8BNA,,2812,1bc2863f579dba3c6fd7ea662712ec11
30012069853799fc3e60d57600211049,,plane,AIM-120C,1559876635,F-14B,,3985,e8fa0a62a8b34ea6dbf8d92deddc3be1
12bb9cbe69deb076f188b8bd0a2ca69e,True,plane,Matra_S530D,1557127757,F-14B,,2609,1d919735eb968e79a81a5aec56f62331
a77514a66c58a8f23b893c817fffe958,,plane,AIM-120B,1563195811,FA-18C_hornet,,4888,d3a710be370c5a8976c33bb3df4e217b
faa99d14c3db4319743a353f8ee09d0e,,plane,AIM_54C_Mk47,1557864282,FA-18C_hornet,,1259,6a74452e2b04d6d5b23eebde521f4cea
20e11f4f69d321290fcf442db5e122b5,,plane,AIM-120C,1553416817,C-130,,55,
483cf4f61505285d60a7977286f49cd8,,plane,M-61A1,1553403294,Su-25T,,451,ca7f4f9a60410db5942b4c5b5e35a516
7a74e3eb5088e40c5209c469fb8b16f5,,plane,GAU-8,1562251621,FA-18C_hornet,,4941,f51e11cef3533e892672d0a1f6e4df6c
d8a0451fa1b3258783d1dc98e26c7daf,,plane,AIM-120C,1556348101,FA-18C_hornet,,1584,426a43978bf547b40a096841a6078cc1
f6e68c034affc1a7bead8d096bb679f2,,plane,AIM_54A_Mk60,1554959351,FA-18C_hornet,,564,d58ca2a71c4a99c77db05f5977f82733
72d46311b5c72a16d542d2e816a2330b,,helicopter,M-61,1562947629,Mi-8MT,,2336,
ded89348d40340442905cbedf7b6c50c,,plane,AIM-9X,1563689041,F-14B,,5532,6fad2669481a92c6f64cc4d145348c65
06f1a6177bd3509ebb7308fbd6e42c1d,,vehicle,GBU-38,1563592636,Hummer,,3421,
cc5f659497e463acf3243fd2960bd301,,plane,AIM-120B,1561471368,M-2000C,,4551,0e137cae513d1c8591f5b93a15f7b908
6b9de6a16b521eb6d121bfeaf5ac9d85,,static,GBU-12,1559586670,HEMTT TFFT,,2233,
bb996cc274989b4d7593c58a97005508,,vehicle,GBU-12,1560007689,Paratrooper RPG-16,,4220,
7abf09ee761565c22e538f1dbaf2757c,,plane,AIM-120C,1559062275,AV8BNA,,3911,5f3f22231027cc09fab6946cbec25a36
5b62cb83676f1ececbc8fb6021646963,True,plane,AIM_54A_Mk60,1561119701,M-2000C,,4593,4dc3e6ba1d6a6d8e0fed4f54239d2bf1
53f6e211cb9f1b92fedbc054a843ec39,,vehicle,AGM-65F,1560996722,Vulcan,,4513,
aa288aca17f745ea95ebd3f4094a98e8,,plane,AIM_54A_Mk60,1555799359,FA-18C_hornet,,753,14704fbd109e833094b423766df171f6
cec20bf82a10825706d6cfec6fbf2004,,plane,AIM-9M,1553745279,F-14B,,940,e941f1ffb838cc210a128e154c23b64e
b34416dd0bcace290ecc9d6674e481f4,True,plane,AIM-9X,1558818552,FA-18C_hornet,,285,57863af5d227eb73d0c04e6da9129fbb
aea4fb0972eb001320d390b7a955356b,,plane,AIM-120B,1555860205,F-14B,,1608,53953c259f1e78f9c5b3b5f2e4671dcc
c179b6ccb4e6cbe089e61ceb8014ebf4,,plane,AIM-9L,1559613440,FA-18C_hornet,,4174,33a536705e44f9410f99c4a8e08c58ba
7a88f3ed4ba0e1fd52e2d751befa6ce8,,plane,AIM-120B,1555345982,FA-18C_hornet,,695,0f9aa79a83c491b20027bc307ac815af
92d92a20675793a07be1e63382ceaa1f,,vehicle,AGM-88C,1559692987,Hawk ln,,1349,
c89a6e5925b32134da5c17e3ed2f11a7,,plane,AIM-9X,1558976588,FA-18C_hornet,,3889,c79708fbfb1f070fe297845c9a5826aa
44236e8eb631f98d7d450d383a3c93cd,,vehicle,Kh-58U,1554155189,Hawk sr,,898,
028d0fe76ec31363bd1372b381970086,,vehicle,AGM-88C,1562123540,Hawk sr,,2720,
324d0f17995cc067bf443046a1032157,,plane,AIM-9X,1561753603,FA-18C_hornet,,4863,b0edbd3156cda76d95e4b70fb673344a
2031ad9918be84fd24d1b6bf1a8cd41f,,vehicle,AGM-65F,1561000420,M978 HEMTT Tanker,,4437,
14b03603f079180b834d8ea814622490,,plane,AIM-120C,1554879887,FA-18C_hornet,,1545,65f3a98cb638b68ee972fd9b4e580908
51c9a44e6d36826b619b2769a350e0f1,,plane,M-61,1559164459,F-14B,,3969,dafe48b92f40c64c75e6ac8feba87958
6e3abc4dd69e6278e308ab0e63d2a717,,plane,AIM-7MH,1558033974,F-15C,,3301,816c227c2c38dbcc6679718ca242c960
83401185834b30bc6c0fc354577a4faf,,plane,AIM_54C_Mk47,1553839849,F-14B,,643,04db66f274b8a018b3162b1bad6a4821
0c633a64ed0c776afcd3a9515bd471b1,,plane,AIM-9M,1554884250,KC130,,1858,
e6d7e0a12ed3362405536223da2c59e4,,vehicle,CBU-97/CBU-105 SFW,1562844565,Hummer,,727,
bb060fa7e738fa9a3eca55bed2c23538,,plane,AIM-120C,1557965397,AV8BNA,,2910,ed0abdebcddbacfd25b376260b7eea96
e97883d1c22674dc5133e01c01fb4458,,plane,AIM_54C_Mk47,1561690479,AV8BNA,,4811,13643330fc6ad6e73c1106670f1f3034
833c58050e21dae8bc955fd6ea97ce5b,,plane,M-61,1563089668,Su-25T,,1482,71b4e559c088d979acb8a50a42cf47b3
59c6bfed52d81a761c135d5b7052d7ab,,plane,AIM-9M,1559582830,M-2000C,,1241,d32638916cc3527be10c1cb3468f8949
7b5633a9ad743750a37fa3f39d4b5060,,plane,AIM-120C,1555211650,F-15C,,1919,e6d02d92e9f3514e1f997273a0dc03a5
fc85e14b7c215d2712ab7b19aa5f0a53,,static,GBU-16,1557682987,M978 HEMTT Tanker,,1217,22121b0d305f56abe168a0327f6aba0b
8d3a754fef3bcd643c69d6a0ccdaf46a,,plane,Matra_S530D,1560436297,FA-18C_hornet,,3286,06f1a6177bd3509ebb7308fbd6e42c1d
0c1cf3156e235a3e0bdbe9ed1dc8bf57,,plane,AIM-120C,1562996674,FA-18C_hornet,,5181,cd4900177f5aeea0fcce4e8410699b67
2bd2db20d4e50fd63743c1e1b120d8c6,,plane,Matra_S530D,1556983606,FA-18C_hornet,,1341,646aeb7a79123cec815bab4a3114f4eb
e8b7bfd4860aa280e6ab8f2f657eea55,,plane,AIM-9X,1555002891,FA-18C_hornet,,887,8e9574a469eacde96f72213a23ee13ba
51b7eaabcd452f8ccd7d4b64a531e7f3,,plane,AIM-9X,1561513675,FA-18C_hornet,,4690,cc4972d6d3e229091a5399806b3ffde2
624a097846bc96e3df108a89d4626989,,plane,AIM-9X,1558784331,FA-18C_hornet,,2868,3650abe49abb8dfc0b31cd1beb08c238
6aa478080a004feca9d4f521acc0fc2f,,vehicle,RB-75B,1560916427,Paratrooper RPG-16,,4186,
cd95624a38aa9a968d873e4e076a4f40,,vehicle,AGM-65F,1556298732,Hummer,,2018,
aba5d7685d8523e30f7de1469ddecfc5,,plane,AIM-9M,1562230925,FA-18C_hornet,,5057,dc06f96fde07e4927fd970b5db93014a
3f1a0b8c79265a7d40e51e6eb5f9facb,,helicopter,AIM-120C,1559939318,UH-1H,,4147,7ae88a0c287f81b871cf6ebd01ec3d39
ab405918dfe9bcb78cd7cc3f3132f04e,,plane,AIM-9X,1555999619,KC-135,,2652,
e26defad89e03b63e9c2826b47a52b07,,vehicle,AGM-88C,1557690964,Hawk sr,,2064,
bb1e6cf69d352e4bf584abf1cff75a16,,plane,AIM_54A_Mk60,1558587661,F-14B,,3405,cf217536eed005e08829389a69aacff3
a5cd365b7c041de50fb16d8ca0775ec9,,plane,AIM-9M,1558752746,A-10C,,3532,34f7761cd80aff54ad59f332c86979d7
af4d52cb617c75770770673fc296a82e,,plane,AIM-9X,1562259108,F-14B,,3849,87694960d6544aaa6baf733cacd8334d
0d9b097b2cc1e55c31a0f96b4ce6c16c,,vehicle,AGM-65K,1558053251,Vulcan,,1146,
ed0e65b69fceb1314aa9ab87784688b7,,plane,AIM_54A_Mk60,1559873023,Su-25T,,944,71b4e559c088d979acb8a50a42cf47b3
d6329515e6a293b64ee4d817171980dc,,plane,AIM-9X,1559352946,MiG-29G,,2038,b5e38563aa5e36b37c09b5e8ea282aa6
b741e038a9af7af2c2f74da1a1ca7e36,,plane,AIM_54C_Mk47,1556627097,FA-18C_hornet,,2659,e467145332e0197eed9f2c5770b54aca
1d919735eb968e79a81a5aec56f62331,,plane,AIM_54A_Mk60,1557125458,M-2000C,,2258,12bb9cbe69deb076f188b8bd0a2ca69e
816c227c2c38dbcc6679718ca242c960,True,plane,M-61A1,1563032887,FA-18C_hornet,,1568,f28565d983341f6ac4b3d0353354a2ad
5054317cf526d8d82c7f9f268957f91f,,plane,AIM-9M,1561238923,FA-18C_hornet,,3972,b56f554a60b9372271137b4b60478e35
653b3f1bda202f3e07436bff53204c55,,vehicle,Mk-82,1562392940,HEMTT TFFT,,5028,
a47e944270566e1aeee9c6d74c872f7a,,plane,Matra_S530D,1554763541,F-14B,,1804,0cc7570ef773deaac5969341e47d6428
4de4d6300bc0adc82571cdc06202de80,,plane,M-61,1562617736,AV8BNA,,3805,fcc481219be007bf5ebf622bd47d028c
ad8b921a4ce96464b74cb206a700e77d,,helicopter,AGM-65F,1558230224,Ka-50,,1810,df0489c1e944d6b9e294c7088cc74a9e
8116b64522a13b4d0e4b62a2dabe62ed,,plane,AIM-9M,1557953939,F-14B,,3458,b91678d5a6e5e98536705f42c3c1002d
d5bbfdc7dcad92323fc67783e8ff42fa,,plane,AIM_54C_Mk47,1561421416,FA-18C_hornet,,3432,eb26e5088d7cf858067b615fef567ef7
d9100c47990816912ec1e89037230806,,helicopter,Vikhr M,1554748100,Mi-8MT,,514,cbee92e628c9d9769d8ddcb384a7a813
7d12e5ec9e8c39b36cf915e7aa500ad2,True,plane,M-61A1,1559933073,A-10C,,3483,c5777b1645d711894dfb642d866070ab
61ffcb6b954053581e9a6f85033e7bf1,,vehicle,Mk-83,1553560109,M1045 HMMWV TOW,,322,
34f7761cd80aff54ad59f332c86979d7,,plane,AIM-9X,1562267953,F-14B,,850,76afd01adf6fd41f59b01fd5903fab58
2a20d7637fe395851a22434166d2956e,,plane,AIM-9X,1558606256,F-15C,,3708,5e73abf0385bc87e6780f4cb2386bc47
127c33855deb8edd93a3e0ff5bafd3a8,,plane,AIM-9M,1559667435,FA-18C_hornet,,1860,80951e1c8e378139810e4345854b23ac
059a48c92ca2dbab65f436ae9b3204bf,,plane,M-61,1558742951,FA-18C_hornet,,3193,e9e9783d44122453d083b191a3d32c3b
fac798c8f68863aa5944bf0918d179ff,,plane,AIM-120B,1562094426,F-14B,,2009,9599155fc5c0b58abc0053d16db06e08
7f7509af3135918e6f82fb1071c14ad7,,plane,AIM-9M,1556280628,FA-18C_hornet,,485,904f668b506b56cc09410eb37d036f7a
8f29b1cb8b31625f65106a5a0aac27d3,,plane,AIM-9X,1562537265,M-2000C,,2006,fa20563791506093fc019896d3024802
4b485029bd9b267628630b23b710da43,,plane,AIM-9X,1562225187,FA-18C_hornet,,1655,c5d1c587bc475f3bfa407aad65c3a518
f45e846a733b808a7c8c74892dd68fad,,plane,AIM-9X,1563491035,AV8BNA,,5467,96a7b2a95fe0a7a02faccdce6532f905
d9efe568da512ac22fa3c55531dc34c2,,plane,AIM_54C_Mk47,1561332907,M-2000C,,2211,9254ec057be54ef4473a91108beb63da
0a0e3cd0ecbe7a1342dcb02379e7a3b9,,plane,AIM_54C_Mk47,1554944518,F-15C,,1911,9c14cf87e1d85d7b8e067dfb3a634ec4
fff156aeaed7c65e27c6d3554cc66478,,plane,AIM_54A_Mk60,1558895512,FA-18C_hornet,,541,90099e7e1c649c0b5d763241f8ddb6b0
dfc272ede63dc8db0c23cd9576226c44,,plane,AIM_54C_Mk47,1558019137,FA-18C_hornet,,2779,
cbee92e628c9d9769d8ddcb384a7a813,,plane,MBDA_Mistral,1554242612,M-2000C,,221,9a50bd5200728b3c7d86d26ac4845167
5a5dc37f65dfdf6d09686a0c0b186794,,plane,M-61A1,1556733898,KC135MPRS,,2150,
92eef0495bad787af551898a855af4f6,,vehicle,GBU-12,1563430707,Soldier M249,,1044,978f237db87cab3258cbee1daf3db032
cf683d783562a2317b51ee36b2ee79c1,,helicopter,AIM_54A_Mk60,1553937726,Ka-50,,1123,ca7f4f9a60410db5942b4c5b5e35a516
e5c3128570701496d001758ecd0c0afd,,plane,AIM_54C_Mk47,1556856775,M-2000C,,1224,b586d5f960b3a6de1c7be9d573f1a42d
ead72dfc2a31332a79a7da521c6094eb,,vehicle,AGM-65F,1554493147,Hawk sr,,1537,
383566817f6a108165b9999e02bbca58,True,plane,R-60 (AA-8 Aphid),1562530441,MiG-21Bis,,4324,91c1eb1116acd45e8b48ea98798718a5
0608923fd30a1745442dde3389706891,,vehicle,AGM-65D,1558898023,Hummer,,3511,
3d615db12dccf8d89f82a8ef590c42e3,,plane,AIM_54C_Mk47,1561222982,MiG-21Bis,,2551,c31a748c3e424e259a437cd9053fe79e
0e9bc830929664b24291a7f7770d16c3,,plane,AIM_54C_Mk47,1558458906,FA-18C_hornet,,239,78411fb7c53e9ad592ef098746f07391
beb36d363d9c7682a14f1a82837cf883,,plane,AIM-120C,1561839964,FA-18C_hornet,,4707,efb71ca1b13818d529db5fe1298aab65
b83574ca2d3d4527fb2ceec27ac1c887,,plane,AIM_54A_Mk60,1561083932,F-14B,,132,ed0e65b69fceb1314aa9ab87784688b7
6893712051ca4a5f2eec6d3dfc2327c0,,plane,AIM_54A_Mk60,1559213342,FA-18C_hornet,,3744,833c58050e21dae8bc955fd6ea97ce5b
372c8f401c9426e313ca4374ff91aa0d,,vehicle,Mk-20 Rockeye,1562027098,HEMTT TFFT,,3279,
da9135a8acb467305dd783792d84253c,,vehicle,Kh-25MPU,1560031608,Hawk pcp,,3268,
17ff73e219a309d8ad15fa515e9c869c,,plane,R-73 (AA-11 Archer),1557193181,Su-25T,,1254,3b4932d6c82d497ce5cfa35427c8b78f
b180a0f411c46758618389b2c4436238,,plane,Matra_S530D,1562640357,FA-18C_hornet,,3319,e5961eb6743cae0ba95443b4d3140d14
e5b1a2ad8d45b203a278c3d330ea2db7,,vehicle,AGM-65F,1554001141,Hawk ln,,372,
597b44b4b5d062c1d81540461b13112a,,vehicle,Kh-58U,1553729905,Patriot str,,378,
3924dab19b36a6b9c6f1ea8c857237aa,,plane,AIM-9M,1553791467,F-15C,,497,bc99149f80966994666336abd31c060f
2f5f9f18b630aa06ac9d61c19c683581,,plane,AIM-7MH,1554220966,F-15C,,512,89462fea3e831c617b195f2cf9ea8266
bf07b3546c48ac7ab855142d15e53ccb,,plane,AIM-9X,1559277939,F-14B,,2615,652ac0b2fcf25b56f45e1569220ad42c
2800357187e1241b1ed1d563e3e6bf8a,,plane,AIM_54A_Mk60,1561527097,M-2000C,,3734,ce8c242779c07f32f304deb7933336c8
7ee2024c8e69e84138883f547694ced9,,plane,Matra_S530D,1555121726,F-14B,,2099,6fad2669481a92c6f64cc4d145348c65
254d064cc225101f690e7eb946d4f32d,True,helicopter,Mk-82,1556302776,UH-1H,,1375,985f77af2df3bf3b243294aeb6495cb1
9a1de4f9dd5db0366981957796172750,,vehicle,AGM-88C,1558915687,Hawk sr,,2146,
871d173618aa5dec122be7a0caab1b48,,plane,AIM-9X,1561779638,FA-18C_hornet,,2024,bf40589947796b95379788dd8645a627
ff5f3af3df1234df798338d2a17af0d4,True,helicopter,2A42,1562812639,UH-1H,,2103,be70bed471810978c8d7a8128f018def
fe48a422ba654f1c90be0ca39c03d6da,,plane,AIM_54C_Mk47,1553528417,FA-18C_hornet,,27,0f0ad478187b4adf4e2ac6ad5364052e
0d4e4bff9eb6dfc747ed8cbcbdae44c7,,plane,AIM_54A_Mk60,1563430886,F-14B,,792,810f63ba175f128d91b6b60ffcba164a
dea845c11fe6936db7fbebaee2aded28,True,plane,AIM-9X,1554605064,F-14B,,801,305824718944822efb4daa358aefab5a
13f6cda5a4fe9e37c09c868e46e74db4,True,plane,AIM-120C,1562193504,F-14B,,5016,7739b6b9bd6b54deeb6fd0c5d9c870f7
36db7b957e948bc8c4b2d1aa805ad71e,True,plane,AIM_54C_Mk47,1563645995,FA-18C_hornet,,1344,166e32ea6753e55fc49027821ebcdb84
4559ce46600b4bb09ecf141e6a7ea3ee,,plane,AIM-9M,1554073356,F-14B,,17,3911a6a433814b74a8a3274ac1afff0c
2d12514c16662ea2d6174e7fcf08bbe2,,plane,AIM-120C,1558837382,FA-18C_hornet,,3217,8c521013a822bddcee8e827a938a43b6
638e76cc3758df26a21058387c9c6883,True,plane,AIM-9M,1560809372,FA-18C_hornet,,3593,0a4c6569b0c65014aa6b77f9e3febfc4
cd4900177f5aeea0fcce4e8410699b67,,plane,AIM-120C,1555974772,F-5E-3,,2601,d8c5e15125bf51f5d3646f5eda1f0015
f93f205560d4a72b87866aaeae06eac5,,helicopter,M-61,1556841450,Ka-50,,2391,3be611c2339ceb4203cdbca3f2f074e4
cc77a14cffa49a14ec6a7e0cb71c7b57,,plane,M-61,1559477229,A-10C,,1106,85f029f1da93f6ac9c4aac71fd5a3868
dc9fbf24e3e33862a58ae3ea29848813,,vehicle,GAU_12,1556718797,Hummer,,524,
aa21f9f4f2bff4d715a7b720b16f5d86,,plane,AIM-9M,1555010953,AV8BNA,,1972,9660b9f76f74952502c9b4ffc70dd0b0
52f6eda07ec623d28408d584ed38c227,,plane,AIM-9M,1554683429,FA-18C_hornet,,1089,d0b3df27bf8c2e7814dfdcf6538922b7
b6e2013c5cbab76f4af3dd0f04124336,,plane,AIM-9M,1555435333,M-2000C,,1963,453247e9761358a8fd40ab86fd91547f
56552415c94461257a2b24c25a3655c5,,plane,AIM-9X,1563425976,F-14B,,4378,653b3f1bda202f3e07436bff53204c55
ecd611e1aaf9516ed2e2fb74b0a9733d,,plane,MMagicII,1556547898,FA-18C_hornet,,794,f63e4f42e04205376372e594fd877bd7
bcfb8a4c2b159092aae941c87ae5db08,,plane,AIM-7MH,1562799983,AV8BNA,,3113,c4ef96f6d88eabd1a3dad25e6cf2e6c5
6cd0cfe9a63fae598c64380cd25b9fc7,,plane,GAU-8,1556775575,FA-18C_hornet,,605,223e73dbccc9e32157c8b1d738ed2bcc
4300cd3c982fd46f5cdf5fbceb47107a,,plane,AIM-9X,1554860145,F-5E-3,,1611,66a71c2fb50a12a1ccd0a97950e95557
df0489c1e944d6b9e294c7088cc74a9e,True,helicopter,Vikhr M,1558422935,Ka-50,,2107,509d305cf0b6acaad88a9dd98d3d7fa3
4acba546a124c49e9162bb6a8cbf9bff,,plane,AIM-9M,1554677453,F-14B,,1694,6f484a13e5998ab5aa0b900da7f5a548
03214d0c1611a0c42a834b80b7468199,,vehicle,AGM-65F,1561407097,M978 HEMTT Tanker,,4686,
8cd2b5d4369c91fee99f2f16a5f3ea71,,plane,Matra_S530D,1560612875,F-14B,,566,798273216815f26d7661a37c43c6587f
7bf17b228fe438ee387d54c002ea6a2c,,vehicle,AGM-65G,1562537106,M978 HEMTT Tanker,,5157,
e6d02d92e9f3514e1f997273a0dc03a5,,plane,AIM-120B,1555364460,FA-18C_hornet,,1899,5197d3a96b6b8eeb4512de5a816c266c
3dbad50210d3070f61f6d5928e61b194,,helicopter,2A42,1558820068,Ka-50,,1775,d3b197b242906aac63bb7ffd7595e060
3b4932d6c82d497ce5cfa35427c8b78f,,plane,R-73 (AA-11 Archer),1555906281,AV8BNA,,2495,4d537d0411855f5fe6d9a9f8e3b99f03
c6fb7720dc54a346a2ed0b51ce40c4fc,,plane,AIM-9X,1553537671,F-14B,,641,b7928590583ec207b434e4d77453aed5
7f36801d5c312af2246f6a16ba08bc6e,,helicopter,AIM-120C,1557369013,Mi-8MT,,3192,0d235e284810b89589ca2d207281b2fd
8c27be7ffda7a6063b9a020accad0b9e,,plane,AIM-120C,1559417768,FA-18C_hornet,,1653,44e64de9297de267e161aa6d816a97b4
6ee485368d21a1d6e4367d9bec503915,,plane,AIM-120B,1562731900,FA-18C_hornet,,3512,4ad932400f69cd9f254303536146c007
8bdde5f97244a3e5eb0cafe5599e8566,,plane,AIM-7M,1563694670,F-14B,,1047,6f6197332760150ebdcd63a611e4a54c
cd6a182e46f113a94e9c0499198cb243,,vehicle,AGM-65F,1556370720,M978 HEMTT Tanker,,1790,
011c0caee2675c9dd18dfb24014fbe34,,plane,AIM_54A_Mk60,1559177958,FA-18C_hornet,,3932,7b5633a9ad743750a37fa3f39d4b5060
6d33463558d383c95533cc0f72abcaae,,plane,AIM-120C,1561426436,F-14B,,4479,89aa60c5ad0adb604114676a019ecf28
a1f7bf58006730415c9cdda22b2f89b2,,plane,AIM-9X,1558786280,FA-18C_hornet,,3646,3650abe49abb8dfc0b31cd1beb08c238
575977054f9c53c706a368b8cd886894,,vehicle,AGM-88C,1562711997,Hawk sr,,2559,
34090a0c95aecc15fcf0cb5647792b1c,,plane,AIM_54A_Mk47,1553845271,F-14B,,929,ef50be4ef8314b05a48a8aed024df3b3
82f884022e22f17cf3540375557969c1,,plane,AIM-9X,1561942804,AV8BNA,,4912,4df72bba80e934e972a929d63bd33cac
1528aecafed82825d8ca127b43564c32,,vehicle,AGM-88C,1562772595,Hawk sr,,4492,
3d478ad3b454b0bfea1a2469fcaedcff,,vehicle,AGM-122,1556454846,Hawk sr,,2374,
987302ca70ad410b4d2629ae2a60eb39,,plane,AIM_54A_Mk47,1553926085,F-15C,,434,bc99149f80966994666336abd31c060f
b0edbd3156cda76d95e4b70fb673344a,True,plane,AIM-9X,1561755008,FA-18C_hornet,,21,324d0f17995cc067bf443046a1032157
b22fd5ebb4fd6ad69d1bd3c4bfee611d,,helicopter,AIM-9X,1559431502,Ka-50,,3196,522c6820f0901367e6ef19868ecda2e1
04c24b40d3296b5329ba10aa9fe3f282,True,plane,AIM-9X,1554960603,FA-18C_hornet,,719,40be1ab3f332a72edc2efdc65be3f766
3c7b5c0ccf999be7d642654819093951,,plane,AIM-9M,1557621959,FA-18C_hornet,,1107,0c3fea2fd18be3b50ac7ffa65a78c70c
25d61abdc347d3754eda5f14f5276724,,plane,MMagicII,1557279129,F-14B,,2854,f56f964256b86bd614b9a777696d71ee
424473002028aa323ce33e98d4a0c8a4,,plane,M-61,1561306647,FA-18C_hornet,,3471,0c165dc1b490835d4950bfe8d3881808
e1277ddbc6cc620bfbc9ceb0f57dc19c,,plane,AIM-9M,1555544817,FA-18C_hornet,,609,ed6a90f8a5ed278ae649efbceb2badf1
06acbfc8cf23f0173028764ec4f7b7b0,,plane,M-61,1563010962,F-15C,,2186,a3344e01ffdab5719a8ecdd3ae6338e7
18228f3b7ecb8b5af9cb7965870d3f1b,,plane,AIM-120B,1557542789,FA-18C_hornet,,3288,bbf19995f3fd39fb3a7efda3063b4b66
2968c23f796dba907667f7dd15cdcf4e,True,plane,AIM-9X,1554817160,F-14B,,1054,e6d7e0a12ed3362405536223da2c59e4
b1ba7a9134ac0b3e4d97dc6f25edebf5,,plane,AIM_54C_Mk47,1556496513,F-14B,,1688,707bc1173dcad7e58b3bf50d388bf5d4
aa4189f1d53e94d73a33741351aac827,,plane,AIM-120C,1559740184,F-15C,,18,dcede64eed276ddb38bbe05253034352
3f991aa3e988045ca7874c88a72cac79,,plane,AIM-120C,1555486630,F-14B,,1824,281ac0a6ac557ea2d79a8c4a5eb9053b
6e3a57f78ecc36b214a772091ebc1607,,plane,AIM-120B,1554324735,M-2000C,,1339,45b27c7d936347f1404d76d46dc77ee6
ae2c934ba4e4e867de051e0716f40c36,,plane,AIM-9M,1561915454,A-10C,,2533,1e818f947ae68f2eac3e933593a48ff6
abf66edf4520425b2db84adc8524b3da,,plane,AIM-9M,1553364627,F-15C,,291,
c849da913d11a1098e73c62b9dff4e41,True,plane,AIM-9M,1557551586,A-10C,,2299,fa20563791506093fc019896d3024802
28fede70d959292523b7e03ab4775bc6,,plane,AIM-9L,1560563326,F-5E-3,,4410,fa20563791506093fc019896d3024802
abc0036a77af29aa0f86634d5db2cc7a,,vehicle,AGM-88C,1557934487,Hawk sr,,2942,
7b344871a496dac331128e1acb953a0f,True,plane,M-61A1,1553546738,F-14B,,363,41f6da8439154bd2ba3396c00410d3d6
0d4c0d5da2f6ac3d9fe4b142ac807a88,,plane,AIM-9X,1558197325,FA-18C_hornet,,3535,da3a38064e433e835a3ccd8e500a0943
ee2300ef48c78cd981f69e78962aedf8,,plane,GAU_12,1555189454,FA-18C_hornet,,247,4972037690ea886bf7ae21f64a1cc006
77672744dd008c25453ebde10c90cdbd,,plane,Mk-82,1563002994,AV8BNA,,3491,da9135a8acb467305dd783792d84253c
40b2ea9cb33f1968840bd5f3d11a0a5d,,plane,AIM-7M,1557783979,F-14B,,1229,b6b38d036c4392557c05f776de37cad6
079ef31ab82c2cdc72301a4e15a47597,,plane,AIM-9X,1560954430,FA-18C_hornet,,4537,b2006106c4e6ed727e69615493a2dea6
156d0efb3c08929ee95dc677f02244a5,True,plane,AIM_54A_Mk60,1557784070,MiG-29G,,2466,a857b17a2669284892edab30f388bb68
ecb99c77214f49742186dedee11b83e1,,plane,AIM_54C_Mk47,1561321685,FA-18C_hornet,,394,17ab2c188e51648284a833d82f4297c4
1642edfe12e07135d6624c7ad7ada45d,,plane,AIM-9X,1561940843,MiG-29G,,4870,0f66ff6ca2ea79d1b5da82ccc9d6434d
d95573dfbe63f1ed8465452952d10fda,,plane,AIM-120C,1560598325,F-14B,,1744,b741e038a9af7af2c2f74da1a1ca7e36
676c0ff44ead79285755d9e789e51f95,,plane,AIM-9M,1561100864,F-15C,,4678,d23e37ae5ea0eabe453dcbd9521ae963
753cdcad2489ac212d12f6d64e4ab3a2,,vehicle,AGM-88C,1559090448,Hawk sr,,2110,
6f61fd64e21c88fe0b17ef6c832713c9,,helicopter,GBU-12,1557510849,Ka-50,,2161,0c165dc1b490835d4950bfe8d3881808
e34b12b4943866abb2826c0089771b8c,,vehicle,M134 Minigun,1561410357,Soldier M249,,2347,
8190a98674c70e304505b6c837930f9b,,plane,AIM-9M,1554008094,F-14B,,1194,753d03b2b976033d1755c7e63e8d48a3
2c660f5c4d165ceb6376532e6655a315,,plane,AIM-9X,1557105486,F-14B,,2460,e804aea4c952dea70fd50e6ad1b46b68
612594cbb16b25cfefd5a5821ca9c9eb,True,plane,AIM-9L,1561564854,AV8BNA,,4465,92eef0495bad787af551898a855af4f6
f990769780fa5cb3e927dee5d7511ce5,,helicopter,M-61A1,1554098024,Ka-50,,1297,eaf521c57eca4361d50ccd542ec62883
d1caaf7fca0927a2bd2493745d850452,,plane,AIM-9X,1561229787,FA-18C_hornet,,1873,cc4972d6d3e229091a5399806b3ffde2
0658dbe2a89528c2e700dda37f0f53f7,,plane,AIM-9M,1559884246,A-10C,,3467,d206e462418cc03f77b613283ec7869c
a3beb69c4555a8c93b9245afa414e396,,plane,AIM-120C,1562480504,F-15C,,5049,fb9b9e60bb035de2731627f6800a178a
5e276c14cc622bdfcb7e0b4077ee0165,,plane,AIM-9M,1556767003,F-14B,,2540,54f5cd7aed53f3a5dbff14767cc66e11
badd1d96ef5a3cf4a5b12ee0c82dd186,,plane,AIM-120C,1560436549,FA-18C_hornet,,3115,10e422fe5f6e43eabb9650ecc27e2981
6430a7701090b137af72ad6ac31d1492,,plane,AIM-9M,1559389642,Su-25T,,3992,99c29b93b436312329b09997ce98d5f8
ca3d620affa785a0fccdbed1052ae0d5,True,plane,AIM_54A_Mk60,1559136259,A-10C,,2875,863f8fbe614d401f4a7de82f47a15563
ef62bac4f31a4c814d9885a77c3ce767,,plane,AIM-120B,1556950961,F-15C,,2407,1add1b79a4c5a4e7f2fd46864c2bc6b3
d2168041dd96edf73d11dcaab6930a14,,plane,AIM-120C,1562211723,FA-18C_hornet,,2677,92dda88fdc1f16d5a2b5ad23d4260ff1
486ba09d3377b77e49972432cef80b97,,plane,AIM-9M,1562294693,A-10C,,5036,e934be4a4b997b8c79e9b085e4de00fe
e5ce1cbb3b2615e6b4506416d6a7b91e,,plane,AIM-9X,1560066568,FA-18C_hornet,,4286,92d92a20675793a07be1e63382ceaa1f
734b0e288c54dc0ab92e87fa193ae101,,plane,AIM-7M,1554410844,FA-18C_hornet,,8,47cc239d811e007ca4d427ae6a3279d8
88d69f88fd0be36f908b4bb5f72d29e6,,plane,AIM-120B,1560353487,KC135MPRS,,4348,
0b14d08a28fee03b095183983b9cbbe8,,plane,AIM-120C,1555944865,F-14B,,2325,30c104cde0425b31c5124360005fc12e
9c7e70f5c7534a7fa4ca3e5d040bb344,,helicopter,AIM-9M,1561932522,Ka-50,,939,652ac0b2fcf25b56f45e1569220ad42c
272bb8fa0acf2558ec64348721734ed5,,static,AGM-65H,1557578477,M978 HEMTT Tanker,,3234,
bb770729b1464808e04c67a4b4409bd0,,plane,AIM-9M,1553915534,FA-18C_hornet,,563,b6fb7acc670612e763cdf93e6d421b91
aed77cad609f820833934b26e8951ac5,,plane,AIM_54A_Mk60,1553917640,F-14B,,1007,33b6481d538690f08edbc586949c7dfe
24eeb668ed71ab70e119d37207bb1f2d,,plane,AIM-120C,1559723120,FA-18C_hornet,,4225,e90b195ed75aecde79097adf11ddec25
0fda810af24aae96e0fc11957c8521a9,,plane,RB-75T,1554675979,AJS37,,1746,a2d505553d7dfafefb4e7aae03f97582
7bcd938c1d46085e516621086003505a,,plane,AIM-7M,1561997425,Su-25T,,3965,ae64c71917ddbed18f8d1df0a1df36e3
426a43978bf547b40a096841a6078cc1,,plane,AIM-120C,1556777007,F-14B,,198,b8e2f8250d1c55899ccb3e354cce0d9e
257b0609fb2ec4827f41b1000a57dc69,,plane,AIM-9X,1559110513,FA-18C_hornet,,3938,19aaeaea878a9c35466449119409e26e
7c035dd2f70e59e58c59fe90f6f4887f,,vehicle,AGM-65D,1558296733,Hawk ln,,3582,
be8eaf502610e602804b18c629e2c5b5,,plane,Matra_S530D,1560562624,FA-18C_hornet,,1897,042808f3bda823c0c746d5a3487328df
554bb0363e386fb71338db605bd7add3,,vehicle,AGM-88C,1553684848,Hawk sr,,885,
22b48c7cbf12b00496bb7bb710a401eb,,static,AGM-65F,1560886591,M978 HEMTT Tanker,,4532,
2ad17b52cef0edfc7dc910212d270ed9,,plane,M-61,1563141052,FA-18C_hornet,,5038,aa59324e6d9c1e6ce699988915629d8a
0540e7d94d74f175c1e68cad74e05df9,,plane,AIM-9M,1560891816,FA-18C_hornet,,4560,1bc2863f579dba3c6fd7ea662712ec11
53953c259f1e78f9c5b3b5f2e4671dcc,,plane,AIM_54A_Mk60,1555952840,FA-18C_hornet,,1165,27e6f107bca336e1df94864d8f228d4e
d7884a8cac13df858982b078b0897184,,plane,R-60 (AA-8 Aphid),1563135157,FA-18C_hornet,,4689,36db7b957e948bc8c4b2d1aa805ad71e
e8fa0a62a8b34ea6dbf8d92deddc3be1,,helicopter,AIM-9M,1558055340,Ka-50,,2656,36cf4a2cb83b2663832d5dac7ef71f6b
44e64de9297de267e161aa6d816a97b4,,plane,MMagicII,1560732986,F-14B,,3631,374b95f33a3d613c99363ebd83eadc54
171f35202cbf84c3238b1964394090e4,,helicopter,AGM-65D,1560123669,UH-1H,,3930,5e276c14cc622bdfcb7e0b4077ee0165
dff708908d155dbb3ce8ecb37345d32d,,plane,AIM_54A_Mk60,1563346534,F-14B,,63,cd5da238189a1f7c89bd2d6b6e7f22ff
2c8dd980a45ac283220308d332b648f0,,plane,AIM-9X,1554683132,FA-18C_hornet,,1355,2ea3137a5154619ad7a3cc5577a6570c
8098f648ab759df1e03f2f22b9d4aaa1,,helicopter,AIM-7M,1562397679,Ka-50,,920,235bf245ebfafbbf753e351cc744d54e
17ad40d8aab4edf6bef2493cf94e0f7d,,plane,AIM_54A_Mk60,1558482625,F-14B,,1359,156d0efb3c08929ee95dc677f02244a5
db3d4a3a4d0324e54e8dccb949856bd7,,vehicle,AGM-65G,1556832810,M1097 Avenger,,19,
86089155dc810900b7c4e37092520228,,plane,AIM-9M,1559453634,F-15C,,3096,7ea2974d7f100b838defe6827a982a53
23698ee380b6dd0edbb19a0d7e3f4387,,vehicle,GAU-8,1558216005,M 818,,3434,
10f8622d552d0e83239fb39fd8534ab1,,plane,Matra_S530D,1557953969,FA-18C_hornet,,915,dfc272ede63dc8db0c23cd9576226c44
362b18ad1312de92ad3eded82870dabd,,plane,AIM-9X,1560997211,MiG-29G,,4028,10b8a5041d72a34e882fee6d3668972e
39e98754f9382a720ce75c81cdb7e4e6,,plane,AIM-120C,1554509786,Su-25T,,1125,8ffcde41a08c463070d96b7253f04eba
615f9b0dc0d1a6edc8d17c07a85724fa,,plane,AIM-9M,1561489760,Su-25T,,3652,74c33b2cd9cd63fa7176516271170baf
95d1316d8c27450817b3f919f3ab48cd,True,plane,AIM-120C,1562106577,F-14B,,2108,c5777b1645d711894dfb642d866070ab
fe17b82bd14c991eb67c3f445f3c8c40,,plane,AIM-120C,1554930802,FA-18C_hornet,,1680,e4ca99028f96af964b41509a457a30f2
67d0d2586289590d97e6ea2716509e09,,plane,M-61,1556778466,F-14B,,2967,f5763441da036a35c62ce4876de510c4
40de1449bdefae34d79e655c3b93cc51,,helicopter,AIM_54A_Mk60,1563128343,Ka-50,,1682,d3b197b242906aac63bb7ffd7595e060
8ca7036af0498480ce5d4af3b0fc0623,True,plane,MMagicII,1562738770,FA-18C_hornet,,5208,40b2ea9cb33f1968840bd5f3d11a0a5d
9059bf45129a6ccabf882fd730ccd53e,,plane,AIM-9M,1559066196,A-10C,,964,c49ab4d753f3872f33759cd3bcf26958
e7417e4a198c54c0923667eb256dcd9c,,plane,AIM-120C,1560051349,FA-18C_hornet,,4175,394c17120108a79fa28853d183b2db1b
4dacd438072770c569896e9f457f0ab3,,plane,AIM-7M,1562428340,FA-18C_hornet,,3918,0f9aa79a83c491b20027bc307ac815af
b6ec08c9484aebadc5c200d38c3e661e,,helicopter,HYDRA-70 M151,1554607307,UH-1H,,156,
5190ebce17510d8d0d69e6a2c42be931,,plane,AIM_54C_Mk47,1553363849,F-15C,,310,4dd9b8784182513bb117b3aca56cc70d
b276365941ce406080b638fcd7d41b3d,,vehicle,M-61,1558055507,HEMTT TFFT,,3333,b72959dfcd41bc9e1b87c1edb3784cfc
d02ef5eb3c0faa7743cd4b640d26aa46,,vehicle,GIAT_M621G,1562125973,HEMTT TFFT,,4956,
d5c19e6902fdb3dbe3aff2a1caf22cef,,helicopter,Mk-83,1554815581,UH-1H,,1791,55ea10626da95fb22d04e6ae05168ea9
6d6bf7aeb786f90f330e4cfb3d293daf,,plane,AIM-9X,1563405762,KC-135,,5436,
a0ead00fc694ac1eb3a5a1c00ac34305,,plane,AIM-9X,1555735600,FA-18C_hornet,,2499,3fbb252f9fda4ccdbe8b8ded6d600afe
3e32dc85d65d2c5b525de59ea1347377,,plane,Matra_S530D,1557626170,FA-18C_hornet,,1337,89dfd869c8933415d76e74e67aa7282e
7c4e46294434dd07c34aec18bda12cba,,plane,AIM-9X,1559699451,MiG-29G,,3869,478c2df1b0ccb390067c5356f71fbb4e
9e62a48ec0d26a8025eebee4030912a0,,vehicle,AGM-88C,1555188932,Hawk sr,,1242,746b1807c94150c8bff3267edaf71d25
9f5272977712a716e298372ff6653d49,,plane,AIM_54C_Mk47,1553558158,A-10C,,39,fa02544a3ca0615fe090409c8b778059
ddb841e611e7e104614d0ab18206ab4d,,plane,AIM_54A_Mk60,1558232781,F-14B,,823,7b366a18e9d8714853e891961eed2c01
a8dc9af3c9ce9ba1e3516b484251a20d,True,plane,AIM-120C,1556215676,AV8BNA,,825,ee2300ef48c78cd981f69e78962aedf8
0f3bdf75ae5f23c67d7638821d33ccc3,,vehicle,AGM-65F,1556298401,Hummer,,2332,
5e6baeafd9e109ee1f22e57cb55e1dde,,plane,AIM-9X,1553651132,FA-18C_hornet,,843,16dcfd91c80351577f6328950e1e66ee
303713030c7c6ee50823c39931249593,,helicopter,AGM-65F,1561740601,SA342M,,1357,4fd98eeb064f1cf9a9d6b2b0125cae01
de1dac97eb82e0ef67fa8859c510eec1,,plane,AIM-120C,1559402561,FA-18C_hornet,,4031,1e08873542a103f10fced3f99867f4b3
7ae88a0c287f81b871cf6ebd01ec3d39,True,plane,GSh-30-1,1561647697,F-14B,,2270,e15193c4445d7c1b5426fc667268502f
3a7c0b1aca5483d37c45fd7089df8043,,plane,AGM-88C,1557080879,AV8BNA,,1115,45b27c7d936347f1404d76d46dc77ee6
99b0e810a7c58baea9e7ad4cfad7271d,,plane,AIM-9M,1559876101,Su-25T,,337,819185d6d7c1ae8b3e9e3832277b3a80
a4cb7ce095ca37b6adc62b82e5924a8e,,vehicle,Mk-82 SnakeEye,1554444115,M 818,,1541,
d23e37ae5ea0eabe453dcbd9521ae963,,plane,AIM-9M,1561186116,F-14B,,780,3efa2c9ddf443426f874fcd21906dfe0
ceb3a102ac33198a18514296944ed929,,helicopter,AGM-65G,1561819061,Ka-50,,4379,da9135a8acb467305dd783792d84253c
65a6700e491458c43c8e2d4e5bfcb954,,vehicle,AGM-65D,1558893994,M978 HEMTT Tanker,,3341,
09ce020cd1c6a8baef0644fe47df6ecf,,plane,AIM-9M,1563544920,FA-18C_hornet,,5382,f49cebab40e6e4ebdadeab51de59e20a
d6882130faaad065a8376209f5549d73,True,plane,AIM-9X,1558569279,AV8BNA,,3120,da9135a8acb467305dd783792d84253c
8a4dcbff36e1698f4739c763eee24267,,plane,AIM_54A_Mk60,1555013500,M-2000C,,1993,8cd2b5d4369c91fee99f2f16a5f3ea71
b1fdf520499ef996fd1920286b2f18ce,,plane,AIM-120C,1560567867,A-10C,,3704,1e824d11a71a68b4b545e060ff168d2a
4db05d1fc9f3c6ec3d4832779b5bcae1,,plane,AIM-120C,1556602011,M-2000C,,1020,b7397fbe4c0824df0cb136487723e440
26fa1a4f097c2ba70925b25ada332d9e,,plane,AIM-120C,1553584015,E-3A,,651,
d7e7549ff9805aaf3b8eb7ca51f47297,True,plane,GSh-2-30,1558294245,AV8BNA,,965,4dc3e6ba1d6a6d8e0fed4f54239d2bf1
91e85a84bcfc8b1ae32dc4b4a6222ec8,,plane,AIM_54C_Mk47,1554648362,F-14B,,1722,0f9aa79a83c491b20027bc307ac815af
a01a246ddb80f218577592441a24a4e5,,plane,Matra_S530D,1560090325,M-2000C,,483,07a1ce4e0ec155c191a02db2212d110a
1c80fd4880a88a77ede77a863c6e8128,,plane,M-61,1558320525,F-15C,,581,afb1f1b1442b2965ed72ee64221c5a12
c67f9d78a4a54cd7df1695eb013ba80a,,plane,AIM_54A_Mk60,1557332398,F-15C,,2419,f0dace82dff775e1bb97a20b1b8c5fb4
0339112fed9416607ae0fb161865385e,,plane,AIM-9X,1557377915,FA-18C_hornet,,808,716e4cec4dbe9b182cb5fed25c4b663a
92df05c3e3eecf391be58f2c86f44f5e,True,plane,M-61,1558181774,FA-18C_hornet,,2351,bd0ec53be84dafdaf0398b38ce867761
1e2eebc894b05b9414dd559c6fe2e14b,,vehicle,AGM-88C,1563576590,Hawk sr,,5491,
dd04af51e3c6381cfc1611867d174450,,plane,AIM-120C,1560212583,A-10C,,3949,76cf4420092a5e41c0b256694d41ab54
7396852f28b76f47bb3fceb50d5c41ad,,plane,AIM-9M,1561060316,F-15C,,4490,9fb8830036e63aa4df94954be141725e
0e137cae513d1c8591f5b93a15f7b908,,plane,AIM-9X,1560992295,FA-18C_hornet,,4194,1170ab90a3d8cfd550d9eaa8da56045b
e5f662c6511ca43a413ebb3a4ea2c7c8,,plane,AIM-9X,1555718093,M-2000C,,2158,0a2ba6792ebe644dafb8587981189f3a
fa20563791506093fc019896d3024802,True,plane,AIM-120B,1562218716,C-130,,2098,79e4f1b7c8dc9163018572370042c008
e2a589f6e178265000cd5c26f3ff40b2,,static,AGM-65F,1554802466,M978 HEMTT Tanker,,1495,
cb89cdd4debd54833f643f055a48fd45,,plane,AIM_54C_Mk47,1555627808,F-14B,,2209,f6c30c1175813e851794c774f73e29ff
7fe275d00579abdd374604e30350ec27,,plane,AIM-9X,1554374869,FA-18C_hornet,,502,9c25640f535a03df1bfe37fddb2c3965
5d2d7d1e13ddf29bc1ec9cfc1f9f1688,,plane,AIM-120C,1562438068,FA-18C_hornet,,4960,c85e36d6c18f3164eec79706a6756a13
b20522909a8a090a91c0251090c8c859,,plane,AIM-9M,1563060833,A-10C,,4423,f98b3ce8c1f605810dc255c1b719f33e
81611556d4fab55984517182fb6fcf43,,vehicle,Vikhr M,1556828016,Hummer,,1461,
168abfd1217f15eef634a7ec8d4b7c16,,plane,AIM-9M,1553511852,MiG-21Bis,,232,e98725613f0817338fda57949ea00b71
9cc10625428ea60c61c7138b59d320af,,vehicle,GAU-8,1558216813,M978 HEMTT Tanker,,3543,
9d6e7f266a90ffd9b9bf2ab82b95ba0b,,plane,MMagicII,1558700244,FA-18C_hornet,,3740,7fe275d00579abdd374604e30350ec27
fcffaccec0f370617cdda6e6e93e35de,,plane,AIM-9M,1553725617,F-15C,,761,b326f805cf62d517374be763f75f560d
32422076e9bcc3c6f7729a31dc1eae8c,,plane,AIM-9X,1563690102,AV8BNA,,4806,92eef0495bad787af551898a855af4f6
8024ada46138259ff6adb64fde1db7b2,,plane,AIM_54C_Mk47,1557798089,F-15C,,1497,f5c660a68aeb8a0c2e6cd54f77869f79
0f94365e9697e6fafa25188168890061,,plane,AIM_54A_Mk60,1563648655,F-15C,,998,c00fa26d09a75cc9d358d559d57e529d
8c46d381509ef95f797d7e7ff4ef6525,,plane,AIM_54A_Mk60,1559606153,FA-18C_hornet,,800,7b5633a9ad743750a37fa3f39d4b5060
bc459cd999316ab1a2bb0cd8dba2e4c4,,helicopter,AGM-65D,1561253688,Mi-8MT,,1627,e6ccba0a6e0a7d44daa4f3dd12b404a6
c8ecc3c3577f26f40520e4c7ef8f959d,,vehicle,AGM-65D,1562032159,HEMTT TFFT,,4723,
cdf3bd009c4b7822a8f84412ede49a5d,,plane,AIM-9X,1555855899,F-14B,,968,e929a2ca4e6a81502e8b8df5909197f7
5d3865305c1d6462be5381f9f5033151,,plane,AIM-9M,1554258450,FA-18C_hornet,,133,23891f453ac5f6b7f6deb1cc4e4c0181
6536ff2f5ee7cd3d803974df564448e0,,plane,AIM-9X,1563189122,F-14B,,368,2026b6a5a7d9750393c44584318c3a87
b655c7a636a7206ce883802ccb654c40,,plane,AIM-9X,1559390639,M-2000C,,3669,d70d73b0b58112f634d7190fbea7338e
331ae4e804aa4ae1bc881987a21821bc,,vehicle,Kh-58U,1559344605,Hawk sr,,3472,
9c6c6a8277bfb643d18c0d6e1bcb5a4b,,plane,M-61,1555280773,FA-18C_hornet,,2237,4972037690ea886bf7ae21f64a1cc006
6ccc60b89a546f6cd8716b70588c042d,,helicopter,M60,1562525904,UH-1H,,356,aec0718d30b0543a8b24c455b2cadadd
6e6d52a852207c29a7ae345405e67214,,plane,M-61,1560373315,F-15C,,4326,a62d428820e8b68b00cfe82fc45e33af
93e8d16befe39c88481d951018a28294,,plane,2A42,1559405066,A-10C,,4078,8278dee26d637c87555b606129a8fbb4
9c4300def8331bda856218c63f72bbd6,True,plane,AIM-9X,1563124386,FA-18C_hornet,,876,a3beb69c4555a8c93b9245afa414e396
615335b6cfdce437481b618106ae0b19,,plane,AIM-120C,1562907139,FA-18C_hornet,,5010,40be1ab3f332a72edc2efdc65be3f766
a2d505553d7dfafefb4e7aae03f97582,,plane,AIM_54C_Mk47,1554350538,F-14B,,300,eaad931b466faa4f22c706156e5001db
bf4616c3ef855e2ec7abaf3d0c0db022,True,vehicle,2A42,1559652078,Soldier M4,,217,5c37559b028586b96b9381425838cfcc
bd0ec53be84dafdaf0398b38ce867761,,plane,AIM-9M,1555524870,F-14B,,2280,fcffaccec0f370617cdda6e6e93e35de
134babc7d04a02e2cdd3165c4766e63f,,plane,AIM-9M,1556450782,FA-18C_hornet,,2762,12a622676fa8a2798876b75954a5a0ac
dee1e66f5ae7aa635ac9172ed012b94c,,plane,AIM-120C,1563377485,AV8BNA,,5420,865e58a6993da80e9bf7df43afdeb61d
8f71aa6eb8a7a95600ae0f251cf24c0b,,plane,AIM-7MH,1558985010,F-14B,,458,b91678d5a6e5e98536705f42c3c1002d
9c20548b6ecf7a1344903444b0913444,,vehicle,AGM-88C,1559409892,Hawk sr,,4085,
8b57b1cbbdfe67bf90a44a41d0377e7c,,plane,AIM-120C,1554884922,F-14B,,1701,23bffadb44e9e3669ff7880ae026ab14
cd0393b9bd11a90fe4f63ac9c93cfb88,,plane,AIM_54C_Mk47,1554504575,F-14B,,1256,453cbb186e4f23fe6b59be2dec27033d
b0cedf8f03cfe27eda2bb2b9d1258f96,,plane,GAU-8,1559995529,A-10C,,4310,d3920f79dcb90bc861c74f116dbd19c8
50c75f734daa28f2315f4c28c8d93e86,,static,AGM-65G,1561674270,HEMTT TFFT,,4398,
f29b61b737305cc1984150aa469f32e9,,vehicle,GAU-8,1559710327,Paratrooper RPG-16,,1927,
e4493c048e4507c7baafbf80b1033949,,plane,AGM-65F,1561479650,FA-18C_hornet,,4486,273389e5abea3c8eafbf5fea9e0fe6e5
f0481db65ffccd61ce2b9b343facc70e,,plane,RB-04E,1559359646,F-14B,,3984,02d12008c01ef0d29f00b0ba3470efc2
0a12b3624192a4b3f9b259b9b8c87ff9,True,plane,Matra_S530D,1562483420,FA-18C_hornet,,3308,aa927f55ae85c01a86405610c681291c
5b8801f69470ab740a5b2d4a594bb8dc,,vehicle,Vikhr M,1558696257,M48 Chaparral,,1004,
6ac493b45df6a931812569eac586c328,,plane,AIM_54C_Mk47,1559778055,FA-18C_hornet,,2541,3bf980928961afa35fd7c33596e40b75
b8ca7410e61c12b2eadd2a3cbfdf2863,,plane,AIM-9X,1553526911,FA-18C_hornet,,681,0e14a315e65f2dd1469db54f9b66c23d
7dc34eae1d4a88103a1911da6a8fd2f4,True,plane,AIM-120C,1559012718,FA-18C_hornet,,1017,2467eacf13f1b03d0a94f70bdcf01101
2d00999b631c7831bb53e16bb14ae5ac,,plane,AIM-9M,1558015834,FA-18C_hornet,,799,dd230cafb4d8af5f2e399eb0e247be06
dccdf66f9d757c0d519e9c40e5cac5ce,,plane,AIM_54C_Mk47,1554006755,FA-18C_hornet,,735,36f783e1c721acd9b93dc1eeb8d0172d
77a8a632cb790a3e920540e4fa435824,,plane,AIM-9X,1562569749,Su-25T,,5132,b32b66b8cb9492c5821f08a4fb653e7f
10b8a5041d72a34e882fee6d3668972e,,plane,GSh-30-1,1560119985,FA-18C_hornet,,4167,b7eb3d7547354d529935d3e575abc706
aa3e6867e4d1570f7ad60488c38bba8b,,plane,M-39,1563750402,FA-18C_hornet,F-5E-3,5268,<Lua table at 0x0000019355AE45B0>
1b64fbf23960256e601eb8d325a5a4b3,,plane,AIM-7M,1563073526,FA-18C_hornet,,5338,5337d7d7283e01126bb76364b5d1f68a
cd5da238189a1f7c89bd2d6b6e7f22ff,True,plane,AIM-9M,1562825402,FA-18C_hornet,,3888,2b33ce1f9fdc30b3c35eb3862f5727b3
dae0ff9c84765b8fddf3d1d391922ac2,,helicopter,AIM-9M,1555618301,Mi-8MT,,2427,aa21f9f4f2bff4d715a7b720b16f5d86
d4406c61d806afb0cd7be044179a7765,,plane,AIM_54A_Mk60,1563302360,M-2000C,,5384,4060ecfaf622ce1cc4bf133e8f80cb17
a013d7e8fc98c3b0ec5690696710e8bc,,plane,AIM-7MH,1563484458,FA-18C_hornet,,5385,89aa60c5ad0adb604114676a019ecf28
92e0cd287bdafbe09b1b2968e9366d62,,plane,AIM-120C,1560550181,F-14B,,4472,c2082e8b21523ed15ec55a2bfd5acd24
4c38b2e3c3647473512e5400017df50e,,vehicle,M134 Minigun,1559592284,Paratrooper RPG-16,,1714,
d9bd60511c07295e18336d0aacc8e6c0,,plane,AIM_54C_Mk47,1555738104,FA-18C_hornet,,2503,71a8ded82245aee9c8c30e042e61212c
570f45e60fd722ae748081f66244c52f,,vehicle,Vikhr M,1558749664,Vulcan,,3751,
6a90ae74f9dc897c60c4e2be4a3b2958,,plane,AIM-120C,1553392447,F-14B,,395,0fcf3aa56e2527cf9ee39b6a2e182029
1b900986a7da82e7813edd9b86d6a62e,True,plane,Mk-83,1557692131,FA-18C_hornet,,1717,594606f29678af452c6616dd62abd9fa
a1575a9f0905c19c26e073940f0699d7,,helicopter,AIM-9M,1554438809,Ka-50,,364,17ff73e219a309d8ad15fa515e9c869c
515313f5e68639107cdff93c9a49dcde,,plane,AIM-7M,1554589378,F-14B,,1582,8cd7e9d4a228086969429c135c839000
d9622353d2d347f0893e96a7bc08a6ef,,plane,AIM-120C,1556503890,F-14B,,2453,a3108c08a429677694ba3f3f6558913a
7abe8d8182b4547b4407f7c277e90cdd,,vehicle,AGM-65F,1556139335,M1097 Avenger,,2699,e9eeaad39843a288a35d0880bc2f7b40
bbaccb11c8b2cd59b005b21584c8fc2b,,plane,AIM-9M,1559584376,F-15C,,3618,78c4350ebe73f036e46edf926386c618
15dcc1b4b66d84b7c8b94cd6e21df436,,plane,AIM-120B,1556392733,FA-18C_hornet,,2804,6b8b8bb371c8bed61154db1b5d5c1639
4e6977c497864ea294361bc47dfe1f73,,plane,AIM_54A_Mk47,1562438149,A-10C,,1728,2a8bad449a439122a436666e05e0ab80
a2bfeee3374134ed26b671c3da48e393,,vehicle,AGM-88C,1561521471,Hawk sr,,4783,e5b1a2ad8d45b203a278c3d330ea2db7
2ec5b4648edcc84502392fa6723d1cf7,,plane,AIM-120C,1558770936,F-14B,,3057,8ba17596e0306d151cc8c33d0626f4c3
03a0e9623d520cf77b7a798b5f18a0be,,vehicle,M-61,1560891561,M1045 HMMWV TOW,,4586,
b40a3fc28edd986a3e2e546f4545b34d,,plane,AIM_54C_Mk47,1559183265,F-14B,,1492,6085750bc55947326f7460fcd9ce444d
caa9bc57df441e7f8e2f4a5a3c698fe9,,plane,AIM-120C,1563090556,FA-18C_hornet,,1013,813ac72cebd29049c2568111f841c90c
01e6aefe87ad965b1aa0c9fd71b00ffa,True,plane,AIM_54A_Mk60,1557769430,M-2000C,,293,c67f9d78a4a54cd7df1695eb013ba80a
2a8bad449a439122a436666e05e0ab80,,plane,M-61,1558112210,AV8BNA,,3306,bcaa873f1fcb1b9ec94baf04c3b656c3
d206e462418cc03f77b613283ec7869c,,plane,AIM-9X,1557891369,FA-18C_hornet,,3083,feae0f8b942d3e39c4993ecada0921e6
906f33f9be899a317e225a54410acb7f,,plane,AIM-120C,1553391548,FA-18C_hornet,,112,e5b1a2ad8d45b203a278c3d330ea2db7
7be1f8e33200f6989aba9445e96b5c23,,plane,AIM-9M,1553442474,F-14B,,530,522c6820f0901367e6ef19868ecda2e1
5172c28825141d39c2683099d9242661,,plane,AIM-9X,1559247503,F-15C,,2378,7086c08daa9f858c9c092a4c09e4d36e
e0d286bdb08073bc2f817ac7989b9c62,True,plane,M-61,1559668989,FA-18C_hornet,,2241,10f8622d552d0e83239fb39fd8534ab1
d0d68842b7ffb2d3fdab31877cfdb14f,,plane,AIM-120C,1558569396,F-14B,,3684,cae63e2ba60af346b27e9b89e52bffd0
c8d9a66f3ee42533334cb374ab753445,,plane,AIM-120C,1555897460,FA-18C_hornet,,1823,303713030c7c6ee50823c39931249593
b37cea49457729626540eaf3837e3cac,,plane,AIM-9M,1562486342,FA-18C_hornet,,2908,335212d46d63d1449d7f975f98d10c7a
e6ca973d895a2c485a48fead4e372073,,plane,AIM-9M,1560274633,FA-18C_hornet,,3886,0682aa68ce4de1d6f83fcdfba70bdd1f
7ea2974d7f100b838defe6827a982a53,,vehicle,AGM-88C,1561096136,Hawk tr,,2498,cc086be7c14be5caef21769dd1e8836f
aebb502411909dce3fd024c894e7be45,,plane,AIM_54C_Mk47,1554250065,F-14B,,1353,55d13325326f5eff4d453781be2614af
8c48d3128a09f84847ce3cee09aa0bc9,,helicopter,AIM-120C,1557074274,Ka-50,,2388,fa20563791506093fc019896d3024802
afb662e5f0c0551a29f012b687742a67,,plane,AIM-9X,1560005240,FA-18C_hornet,,3086,3e6783a0435e542d625115e60c597b7b
7ecdfdde1a46327a903b1ac9f582aad5,,plane,AIM_54A_Mk47,1563301666,FA-18C_hornet,,4942,79bb4e041ccff359d6b33ad97ee0e6aa
f98408fed01f02e34b4a1d4410a36a57,,vehicle,AGM-122,1563390264,Hawk sr,,4971,
0a2ba6792ebe644dafb8587981189f3a,,plane,AIM_54C_Mk47,1553466083,F-14B,,457,e7053d0e910d722c9ea916ad6d2a944f
a96e200d9de5dd2ff52d5e944acad46e,,plane,AIM-9X,1559584723,FA-18C_hornet,,4096,982612f97ee0c44cefe813959d360765
618eb8142f6c1f488a85b7eec90bc8da,,plane,AIM_54A_Mk47,1557294344,FA-18C_hornet,,1400,40be1ab3f332a72edc2efdc65be3f766
0be912399d6f69614824672d14ed1a59,,plane,AIM-9X,1557654365,MiG-29G,,1737,349f6d831f898a93b68c835c5609bf82
b6edb2ef43401c21d108a793791f8261,,plane,AIM-9X,1555819875,FA-18C_hornet,,2087,5e397dccfa67bb13eb5f6c638449413b
1bc2863f579dba3c6fd7ea662712ec11,,plane,AIM-120C,1557979266,FA-18C_hornet,,2803,059a48c92ca2dbab65f436ae9b3204bf
2762baf896804124d0392e1827304b44,,plane,AIM-9X,1561829054,M-2000C,,4501,c5f603e4a143bf5c09c3dff60e63026a
eaf521c57eca4361d50ccd542ec62883,,plane,AIM-9M,1560093167,M-2000C,,1206,a01a246ddb80f218577592441a24a4e5
bcaa873f1fcb1b9ec94baf04c3b656c3,,plane,Matra_S530D,1556902012,KC-135,,1773,
e32eb4b5d8dd5a35a3d990031b7c5950,,plane,AIM-120B,1561065862,F-14B,,3428,d7fea16cc64e55ea27cd0b5e8d266cc2
ccab59abe961148879f7bb1d433cfed2,,plane,AIM-9M,1561045323,F-15C,,1325,c8d9a66f3ee42533334cb374ab753445
72af63d0e82330f7591d36d61339436a,,plane,AIM-9M,1556133832,AV8BNA,,2621,7bda33e84140bc1065ec8a311d7c527e
8c1726d46ba32aff1fa41264401abfb8,,plane,AIM-9M,1554643499,FA-18C_hornet,,516,43c1e4b9eca13b98b6c29b27739fac5b
ba160cd103ef3c4ee90bc5047802b46b,,plane,M-61,1555359058,Su-25T,,343,f08bff01c6f950d388b78db1519e3ab7
feae0f8b942d3e39c4993ecada0921e6,,plane,AIM-9X,1557540292,FA-18C_hornet,,3276,18228f3b7ecb8b5af9cb7965870d3f1b
20d8477a4011bc50e04322adbaf36759,,vehicle,GAU-8,1560463857,Hawk ln,,4264,
843feb3813584753308eb02f6b3712f6,,plane,AIM_54C_Mk47,1555122818,FA-18C_hornet,,1616,65f3a98cb638b68ee972fd9b4e580908
c2100b2cc1907a4503d7a807f9730908,,plane,AIM-120B,1560868111,A-10C,,4148,0f54f92ccd4d94b2427e5fdc6055f3a0
131b4a030a7749306c0a52e46e60588b,,plane,AIM-120C,1556391885,FA-18C_hornet,,1433,477005a5b970c20e9184c72d0fc5a188
bf40589947796b95379788dd8645a627,,plane,AIM-9X,1556149694,F-14B,,2651,1b13dea7f061908a2b9ce418fbf03c7c
03515e70d2b1cd8ec0bd3c07c577c93f,,vehicle,GBU-31,1555988914,Paratrooper RPG-16,,2599,46211419dc473b620228bdea1468b8a0
921b5b1badb2a32cb8c94148102c61bc,,plane,AIM-9M,1553931942,F-14B,,737,28312684f6a6088f104b08296b2084f3
07b160f213e0876a0ca256c77b6b882f,,plane,AIM_54A_Mk60,1554330077,F-14B,,559,4c4e587ae0af4b881e06bb74b857ba41
509d305cf0b6acaad88a9dd98d3d7fa3,,plane,AIM-9X,1557056040,Su-25T,,649,9fdcd778187a63c011af60be8a988308
6ccb8c2c565f8e7bdbe8288b9d6f2732,,plane,AIM-9X,1553825914,F-14B,,624,dd230cafb4d8af5f2e399eb0e247be06
78411fb7c53e9ad592ef098746f07391,True,plane,AIM-9X,1560977713,AV8BNA,,2320,17f80b92aca4f39321e312431bb53f6c
ab3336944758f658faa1add002351753,,plane,AGM-65D,1558810620,Su-25,,3164,f70e71f1fec28064718d83e6d12bf3fc
c8cbcc054a2f234716dc606692ee7c72,,vehicle,HOT3,1554159154,Paratrooper RPG-16,,318,
d3b4617ef8915796fe1cc5d863073e87,,plane,AIM_54A_Mk60,1555378532,M-2000C,,1937,c849da913d11a1098e73c62b9dff4e41
fb0007d4254af783935fe6ec9e795d05,,plane,GAU-8,1562883405,Su-25T,,3775,72ca5d57d6591d580128dee82ebbd53a
8c24d8c27b5793277c08112acb476cbc,,plane,AIM-7M,1553318914,F-14B,,171,e98725613f0817338fda57949ea00b71
d0b3df27bf8c2e7814dfdcf6538922b7,,plane,AIM-120B,1554684740,F-14B,,510,305824718944822efb4daa358aefab5a
9b652a0ecc3e8958c62387ebf0aeccf9,,vehicle,Mk-20 Rockeye,1560183847,Paratrooper RPG-16,,690,
f63e4f42e04205376372e594fd877bd7,,vehicle,CBU-97/CBU-105 SFW,1559593543,Soldier M4,,504,12b35388c4fe1fc68daa27a53ab1c8ea
e0c1f59452270a2b302dd2d6e44e0d48,,vehicle,M-61,1558380601,HEMTT TFFT,,1602,
00e9aa8269632270ea797d14e1fe4a23,,vehicle,GAU-8,1554173582,M978 HEMTT Tanker,,297,
609ad99cbdf458889f3c4f1ca81d0f56,,plane,GAU-8,1560625922,C-130,,521,9196f9785b86e085e1d185dafa37e295
64f6eb515bf536d25cc996cdee18ad82,,plane,AIM-7M,1553305913,F-14B,,58,67e16958a892e5dac18050feced3aa77
c7fcf26286bbb17f2c7d132178fce64d,,vehicle,Vikhr M,1553585951,M 818,,548,943e705b6eb4b0ad1a41493bf2649e2d
d405ac749e43ec0a41774c0905317d9a,,plane,AIM-9X,1555185174,M-2000C,,2154,c31a748c3e424e259a437cd9053fe79e
9f0207e076cacb3b69bcd820153b7e51,,plane,AIM-120C,1563397138,FA-18C_hornet,,5283,653b3f1bda202f3e07436bff53204c55
3a58d3735faeebaa8afad8199f2e0e1e,,plane,AIM-120C,1561096358,F-14B,,2037,76176b2882a3e911dc60986aac29f3b5
06a3f5fa3a4b54fbe59bd46501940263,,plane,AIM-120C,1560912903,A-10C,,4412,663c7f0b426ab209c71536fb82a5e825
9b32af263e6871276f3b264f9b5e7e2a,,plane,AIM_54A_Mk60,1557467686,F-14B,,1448,ef62bac4f31a4c814d9885a77c3ce767
a278685474a4ed03605e5df988739c71,,plane,AIM-9X,1561348548,FA-18C_hornet,,168,5cfe1554cb498f371c268e9c388e580b
640c4d4c2b0ad75e42c41fdd79a40160,True,plane,AIM-9M,1557225352,F-15C,,551,eb2ea7d7174f0b504bf38e5a21fd3269
3bf980928961afa35fd7c33596e40b75,,plane,AIM-9X,1560069262,F-14B,,4110,1d919735eb968e79a81a5aec56f62331
0f54f92ccd4d94b2427e5fdc6055f3a0,,vehicle,HOT3,1562022475,Soldier M249,,3790,
b6fb7acc670612e763cdf93e6d421b91,,plane,AIM-120C,1554685725,MiG-21Bis,,535,a5942f9571954fa0367f3bee4e419c6c
01e41ba5c1856360af9bf6a78bdd32e0,,plane,AIM-9X,1560703033,FA-18C_hornet,,1969,28138d9d337adb0a621ae9b0c48c57f1
d20ea5598c19db7c95df2b3be05d2e75,,helicopter,GAU-8,1562770445,Ka-50,,1141,d70c60772e50fc666526941025c11952
7c1c91c5a0bb9e116a01e7ae7b52936a,,plane,AIM_54C_Mk47,1558035453,F-15C,,261,816c227c2c38dbcc6679718ca242c960
